STATION,NAME,,,latitude,longitude,County,LATITUDE,LONGITUDE,ELEVATION,DATE,DT00,DX32,DX70,DX90
ALAMEDA,,,,,,,,,,,,4.222222222,,59
US1CAAL0004,"PLEASANTON 1.8 SSE, CA US",,,37.6483,-121.8745,Alameda,37.6483,-121.8745,107,2018,,,,
USC00041497,"CANYON DAM, CA US",,,37.6922,-121.7691,Alameda,40.1705,-121.0886,1389.9,2018,,,,
USC00044394,"JOHNSON VALLEY, CA US",,,37.7778,-122.2032,Alameda,34.3591,-116.5378,965.3,2018,0,0,226,125
US1CASH0018,"REDDING 3.6 N, CA US",,,37.5147,-122.0325,Alameda,40.6235,-122.3536,184.1,2018,,,,
US1CARV0005,"HEMET 4.1 ENE, CA US",,,37.5531,-121.8439,Alameda,33.7527,-116.9196,517.6,2018,,,,
USR0000CEAG,"EAGLE PEAK CALIFORNIA, CA US",,,37.6542,-122.115,Alameda,39.9278,-122.6569,1131.7,2018,0,0,161,28
USC00043800,"HARRY L. ENGLEBRIGHT DAM, CA US",,,37.5422,-122.0158,Alameda,39.2372,-121.2666,243.8,2018,,,,
USR0000CHOR,"HORSE THIEF SPRINGS CALIFORNIA, CA US",,,37.5019,-121.7355,Alameda,35.7706,-115.9092,1524,2018,0,0,179,57
USC00043747,"HANFORD 1 S, CA US",,,37.6927,-121.8144,Alameda,36.3158,-119.637,72.2,2018,0,0,248,106
US1CASB0011,"SANTA BARBARA 4.7 WNW, CA US",,,37.79589,-121.58319,Alameda,34.4526,-119.7995,39.3,2018,,,,
USC00045802,"MONTEREY WEATHER FORECAST OFFICE, CA US",,,37.7719,-122.1675,Alameda,36.5927,-121.8555,37.2,2018,0,0,55,0
USR0000CSOM,"SOMES BAR CALIFORNIA, CA US",,,37.6702,-121.8814,Alameda,41.39,-123.4958,280.4,2018,0,0,201,87
USC00040343,"ASH MOUNTAIN, CA US",,,37.8123,-122.216,Alameda,36.4914,-118.8253,520.6,2018,0,0,241,102
US1CAYL0009,"DAVIS 2.7 W, CA US",,,37.7861,-122.1447,Alameda,38.5523,-121.7855,17.4,2018,,,,
USW00023129,"LONG BEACH DAUGHERTY AIRPORT, CA US",,,37.8575,-122.2256,Alameda,33.8116,-118.1463,9.4,2018,0,0,279,26
USS0019L13S,"VIRGINIA LAKES RIDGE, CA US",,,37.8744,-122.2605,Alameda,38.07,-119.23,2878.8,2018,3,38,61,0
US1CANV0014,"LAKE OF THE PINES 1.0 WSW, CA US",,,37.7214,-122.2208,Alameda,39.0322,-121.0774,480.4,2018,,,,
,,,,37.865,-122.2208,Alameda,,,,,,,,
US1CATH0019,"RED BLUFF 2.8 N, CA US",,,38.68,-119.96,Alpine,40.2145,-122.2429,123.7,2018,,,,
USR0000CRSP,"ROSE PEAK CALIFORNIA, CA US",,,38.6833,-119.7667,Alpine,37.5019,-121.7355,932.7,2018,0,0,133,7
USR0000CPOT,"POTRERO CALIFORNIA, CA US",,,38.69,-119.99,Alpine,32.6058,-116.6089,714.8,2018,0,0,264,77
USR0000CCOU,"CO LINE CALIFORNIA, CA US",,,38.61,-119.92,Alpine,39.0189,-122.4119,635.5,2018,0,0,206,79
USC00042500,"DOWNIEVILLE, CA US",,,38.72,-119.89,Alpine,39.5633,-120.8238,888.5,2018,0,0,193,63
USR0000CRCH,"RANCHITA CALIFORNIA, CA US",,,38.84,-119.89,Alpine,33.2222,-116.4975,1345.7,2018,0,0,192,51
USC00043261,"FRIANT GOVERNMENT CAMP, CA US",,,38.55,-119.8,Alpine,36.9969,-119.7072,125,2018,0,0,235,105
US1CASN0061,"SANTA ROSA 1.3 NW, CA US",,,38.51,-119.63,Alpine,38.464,-122.715,52.7,2018,,,,
USC00041907,"COLEMAN FISHERIES STATION, CA US",,,38.67,-119.61,Alpine,40.4,-122.1433,128,2018,,,,
USR0000CBRA,"BRANCH MOUNTAIN CALIFORNIA, CA US",,,38.67,-119.82,Alpine,35.1889,-120.0833,1149.1,2018,0,0,187,53
US1CAAM0009,"VOLCANO 3.2 N, CA US",,,38.4882,-120.6313,Amador,38.4882,-120.6313,739.4,2018,,,,
USR0000CSHA,"SHAVER CALIFORNIA, CA US",,,38.5236,-120.7061,Amador,37.135,-119.2561,1751.4,2018,0,3,134,6
USW00053151,"FALLBROOK 5 NE, CA US",,,38.4883,-120.325,Amador,33.4392,-117.1904,347.5,2018,0,0,281,47
USC00049785,"WOODLAND HILLS PIERCE COLLEGE, CA US",,,38.3894,-120.6511,Amador,34.1819,-118.5744,240.8,2018,0,0,313,122
USR0000CFIG,"FIGUEROA CALIFORNIA, CA US",,,38.2486,-120.8433,Amador,34.7331,-120.0067,975.4,2018,0,0,207,29
USS0020K25S,"WARD CREEK NUMBER 3, CA US",,,39.3975,-121.3861,Butte,39.14,-120.22,2028.4,2018,1,14,102,0
USC00046730,"PASO ROBLES, CA US",,,39.514,-121.518,Butte,35.6277,-120.6855,222.5,2018,0,0,252,81
USR0000CHLR,"HOLLISTER CALIFORNIA, CA US",,,39.4064,-121.5,Butte,36.8422,-121.3622,123.1,2018,0,0,217,23
US1CAED0029,"COOL 2.0 ENE, CA US",,,39.3946,-121.4047,Butte,38.8957,-120.9818,507.8,2018,,,,
US1CASD0090,"LA MESA 2.6E, CA US",,,39.8717,-121.7689,Butte,32.7698,-116.9788,309.1,2018,,,,
USC00040449,"BALCH POWER HOUSE, CA US",,,39.8716,-121.6108,Butte,36.9092,-119.0883,528.8,2018,0,0,200,88
USR0000CJUA,"JUANITA LAKE CALIFORNIA, CA US",,,39.3348,-121.6458,Butte,41.7861,-122.0056,1645.9,2018,0,4,137,26
USW00023155,"BAKERSFIELD AIRPORT, CA US",,,39.7999,-121.8915,Butte,35.4344,-119.0542,149,2018,0,0,261,110
USW00023174,"LOS ANGELES INTERNATIONAL AIRPORT, CA US",,,39.5177,-121.553,Butte,33.938,-118.3888,29.6,2018,0,0,226,4
US1CALA0014,"CANYON COUNTRY 2.6 E, CA US",,,40.0686,-121.5825,Butte,34.4268,-118.4275,492.9,2018,,,,
USC00040176,"AMBOY, CA US",,,39.4932,-121.477,Butte,34.5591,-115.7441,197.5,2018,,0,312,178
,,,,39.7358,-121.4889,Butte,,,,,,,,
USC00045866,"MORRO BAY FIRE DEPARTMENT, CA US",,,38.0047,-120.4863,Calaveras,35.367,-120.8447,36,2018,,,,
USR0000COKS,"OAKLAND SOUTH CALIFORNIA, CA US",,,38.3775,-120.5452,Calaveras,37.7861,-122.1447,333.8,2018,0,0,131,1
USW00023259,"MONTEREY PENINSUL AIRPORT, CA US",,,38.2486,-120.8433,Calaveras,36.5881,-121.8453,50.3,2018,0,0,81,0
US1CARV0050,"WINCHESTER 6.5 S, CA US",,,39.1875,-122.0269,Colusa,33.6153,-117.0911,433.4,2018,,,,
US1CAHM0035,"EUREKA 2.2 S, CA US",,,39.0189,-122.4119,Colusa,40.7642,-124.1476,59.1,2018,,,,
US1CASM0001,"PACIFICA 0.3 W, CA US",,,39.3669,-122.575,Colusa,37.6121,-122.4825,69.2,2018,,,,
USR0000CCLA,"CLAREMONT CALIFORNIA, CA US",,,37.9363,-122.3157,Contra Costa,34.1369,-117.7069,501.4,2018,0,0,266,53
USS0020K13S,"TRUCKEE NUMBER 2, CA US",,,37.8792,-121.9303,Contra Costa,39.3,-120.18,1983.9,2018,0,15,111,0
US1CASR0058,"LAKE ARROWHEAD 1.5 SE, CA US",,,37.9226,-122.3068,Contra Costa,34.2468,-117.1713,1682.2,2018,,,,
USC00041912,"COLFAX, CA US",,,37.9833,-122.0692,Contra Costa,39.0911,-120.948,725.4,2018,0,0,213,88
US1CASA0012,"SACRAMENTO 2.0 SE, CA US",,,37.8172,-121.7789,Contra Costa,38.5499,-121.4374,10.4,2018,,,,
USW00023157,"BISHOP AIRPORT, CA US",,,37.9898,-122.1085,Contra Costa,37.3711,-118.358,1250.3,2018,0,0,231,113
USR0000CYUR,"YUROK CALIFORNIA, CA US",,,37.9917,-122.055,Contra Costa,41.2897,-123.8575,150.9,2018,0,0,189,45
USR0000CWOO,"WOODACRE CALIFORNIA, CA US",,,37.8339,-122.0669,Contra Costa,37.9906,-122.6447,426.7,2018,,,,
USR0000CBAL,"BALD MOUNTAIN LOC CALIFORNIA, CA US",,,37.9783,-122.0134,Contra Costa,38.9056,-120.6972,1426.5,2018,0,7,165,36
USC00047085,"PORTOLA, CA US",,,37.8883,-122.1526,Contra Costa,39.8053,-120.4719,1478.3,2018,,,,
USR0000CBRI,"BRIONES CALIFORNIA, CA US",,,37.95,-121.8844,Contra Costa,37.9442,-122.1178,442,2018,0,0,171,28
US1CAPC0011,"COLFAX 3.1 SW, CA US",,,37.9442,-122.1178,Contra Costa,39.061,-120.9911,633.1,2018,,,,
USR0000CHOO,"HOOPA CALIFORNIA, CA US",,,37.9744,-122.1384,Contra Costa,41.0478,-123.6714,114.3,2018,,,,
USR0000COZE,"OZENA CALIFORNIA, CA US",,,37.8846,-122.0285,Contra Costa,34.6819,-119.3539,1118.6,2018,0,0,255,109
,,,,37.865,-122.2208,Contra Costa,,,,,,,,
,,,,37.9533,-121.9712,Contra Costa,,,,,,,,
,,,,38.0131,-122.1142,Contra Costa,,,,,,,,
USW00093115,"IMPERIAL BEACH REAM FIELD NAS, CA US",,,41.7358,-123.7917,Del Norte,32.56667,-117.11667,7.3,2018,,,,
USW00024216,"RED BLUFF MUNICIPAL AIRPORT, CA US",,,41.9919,-123.6036,Del Norte,40.1519,-122.2536,107.6,2018,0,0,234,109
USS0020H06S,"CEDAR PASS, CA US",,,41.78028,-124.23667,Del Norte,41.58,-120.3,2142.7,2018,0,44,76,0
US1CASD0097,"CARLSBAD 8.3SE, CA US",,,41.9153,-124.136,Del Norte,33.0794,-117.2419,67.7,2018,,,,
USR0000COWE,"OWENS CAMP LOC CALIFORNIA, CA US",,,38.7333,-120.245,El Dorado,38.7333,-120.245,1597.2,2018,0,5,164,21
US1CARV0008,"CORONA 12.8 SE, CA US",,,38.8957,-120.9818,El Dorado,33.7307,-117.4276,427.9,2018,,,,
USR0000CUHL,"UHL HOT SPRINGS, CA US",,,38.92,-119.92,El Dorado,35.8889,-118.6333,1133.9,2018,0,0,193,66
USC00043491,"GOLD RUN 2 SW, CA US",,,39.06,-120.1292,El Dorado,39.165,-120.8566,1011.9,2018,,,,
USR0000COAM,"OAK MOUNTAIN CALIFORNIA, CA US",,,38.698,-121.0869,El Dorado,41.0064,-121.9833,518.2,2018,0,0,199,74
USC00046572,"OXNARD WEATHER FORECAST OFFICE, CA US",,,38.8817,-120.0339,El Dorado,34.2066,-119.1375,15.8,2018,0,0,252,6
USW00003159,"LANCASTER, CA US",,,38.85,-120.08,El Dorado,34.7411,-118.2116,712.6,2018,0,0,243,116
US1CASB0007,"BUELLTON 0.7 S, CA US",,,38.757,-120.5775,El Dorado,34.6166,-120.1988,110.6,2018,,,,
US1CALA0009,"SHERMAN OAKS 1.7 ENE, CA US",,,38.6953,-120.849,El Dorado,34.1543,-118.42,194.5,2018,,,,
US1CASD0072,"RAMONA 3 ENE, CA US",,,38.7338,-120.711,El Dorado,33.0507,-116.8278,620,2018,,,,
USR0000CWOF,"WOFFORD HEIGHTS CALIFORNIA, CA US",,,39,-120.13,El Dorado,35.7217,-118.4989,960.1,2018,,,,
US1CASA0007,"FOLSOM 1.2 SSE, CA US",,,38.85,-119.94,El Dorado,38.66,-121.1395,110.3,2018,,,,
USC00040010,"ACAMPO 5 NE, CA US",,,38.6803,-120.691,El Dorado,38.2177,-121.2013,26.5,2018,,,,
USS0020K31S,"CSS LAB, CA US",,,38.5908,-120.9336,El Dorado,39.33,-120.37,2089.4,2018,0,25,93,0
USC00049781,"WOODLAND 1 WNW, CA US",,,38.8088,-120.8208,El Dorado,38.6829,-121.794,20.4,2018,0,0,235,91
USR0000CPIH,"PINEHURST CALIFORNIA, CA US",,,38.7583,-120.503,El Dorado,36.6853,-119,1237.5,2018,0,0,173,45
USC00043937,"HESPERIA 2 E, CA US",,,38.9056,-120.6972,El Dorado,34.4206,-117.2661,931.2,2018,0,0,245,115
USW00023199,"EL CENTRO NAF, CA US",,,38.8983,-119.9947,El Dorado,32.81667,-115.68333,-12.8,2018,,,,
USW00023213,"SANTA ROSA SONOMA CO AIRPORT, CA US",,,38.8325,-121.0086,El Dorado,38.5038,-122.8102,34.7,2018,0,0,212,26
USW00003164,"CAMPO ASOS, CA US",,,38.93,-120.05,El Dorado,32.6261,-116.4681,805,2018,0,0,257,88
USR0000CLYT,"LYTLE CREEK CALIFORNIA, CA US",,,38.6954,-121.0745,El Dorado,34.2339,-117.4803,851,2018,0,0,241,83
USR0000CSNR,"SANTA RITA CALIFORNIA, CA US",,,36.3478,-120.5978,Fresno,36.3478,-120.5978,1524,2018,0,2,134,8
USR0000CLYO,"LYONS VALLEY CALIFORNIA, CA US",,,37.0544,-119.3711,Fresno,39.1258,-123.0736,975.4,2018,0,1,157,20
US1CASH0071,"PAYNES CREEK 7.9 NNW, CA US",,,37.0664,-119.0394,Fresno,40.4319,-121.9958,296.6,2018,,,,
USR0000CCRN,"CORNING CALIFORNIA, CA US",,,36.78,-119.7194,Fresno,39.9389,-122.1697,89.6,2018,0,0,228,102
USR0000CFOR,"FORESTHILL CALIFORNIA, CA US",,,36.3642,-120.1561,Fresno,39.0914,-120.7317,1327.4,2018,0,3,174,38
USC00046144,"NEWARK, CA US",,,37.135,-119.2561,Fresno,37.5147,-122.0325,3,2018,0,0,174,1
USR0000CNFO,"NORTH FORK CALIFORNIA, CA US",,,36.7878,-118.6561,Fresno,37.2331,-119.5047,829.1,2018,0,0,236,99
USS0019L24S,"HEAVENLY VALLEY, CA US",,,36.8053,-119.8222,Fresno,38.92,-119.92,2615.8,2018,2,36,45,0
US1CASD0130,"BORREGO SPRINGS 7.1SE, CA US",,,36.9111,-119.305,Fresno,33.1934,-116.2786,175,2018,,,,
USR0000CMRK,"MARKLEEVILLE CALIFORNIA, CA US",,,37.0153,-119.5678,Fresno,38.6833,-119.7667,1676.7,2018,0,13,145,34
USR0000CRAV,"RAVENDALE CALIFORNIA, CA US",,,36.8611,-119.6931,Fresno,40.7308,-120.3164,1614.8,2018,0,14,130,27
USR0000CGHP,"GRASSHOPPER CALIFORNIA, CA US",,,36.7269,-120.7658,Fresno,40.7817,-120.7844,1877,2018,1,13,138,15
USR0000CLAU,"LAUFMAN CALIFORNIA, CA US",,,37.3147,-119.0383,Fresno,40.1417,-120.3533,1767.8,2018,0,8,159,48
USC00045795,"MONTEREY, CA US",,,36.8839,-119.4658,Fresno,36.59031,-121.9055,79.2,2018,0,0,96,0
USR0000CMLR,"MALLORY RIDGE CALIFORNIA, CA US",,,36.9092,-119.0883,Fresno,37.8172,-121.7789,621.8,2018,0,0,173,49
US1CANV0001,"NEVADA CITY 3.4 NNW, CA US",,,36.33333,-119.95,Fresno,39.3067,-121.0399,728.5,2018,,,,
USR0000CBIR,"BIG ROCK CALIFORNIA, CA US",,,36.9969,-119.7072,Fresno,38.0394,-122.57,457.2,2018,0,0,167,15
USR0000CREA,"REDDING AIRPORT CALIFORNIA, CA US",,,36.9614,-119.175,Fresno,40.5158,-122.2906,152.4,2018,0,0,233,109
USR0000CDOG,"DOG VALLEY CALIFORNIA, CA US",,,36.6853,-119,Fresno,39.5619,-120.0478,1821.5,2018,4,13,141,31
USC00049490,"WEAVERVILLE, CA US",,,36.8768,-119.7435,Fresno,40.7367,-122.9404,627.3,2018,0,0,213,90
USS0019L39S,"SPRATT CREEK, CA US",,,37.0919,-119.5128,Fresno,38.67,-119.82,1863.9,2018,0,8,125,5
USC00049219,"VALLEJO, CA US",,,39.5861,-122.5341,Glenn,38.1,-122.1869,103.9,2018,0,0,233,40
USR0000CCOO,"COOSKIE MOUNTAIN CALIFORNIA, CA US",,,39.6514,-122.7236,Glenn,40.2569,-124.2661,899.2,2018,0,3,102,7
USC00044710,"LAKESIDE 2 E, CA US",,,39.52316,-122.3048,Glenn,32.8536,-116.8947,210.3,2018,,,,
US1CASN0016,"SEBASTOPOL 4.5 WSW, CA US",,,39.7458,-122.1997,Glenn,38.3753,-122.9035,128.9,2018,,,,
USR0000COKO,"OAK OPENING CALIFORNIA, CA US",,,39.4172,-122.1825,Glenn,36.1753,-118.7017,987.6,2018,0,0,205,80
USW00003171,"RIVERSIDE MUNICIPAL AIRPORT, CA US",,,40.2569,-124.2661,Humboldt,33.95194,-117.43861,245.2,2018,0,0,293,108
USC00046074,"NAPA STATE HOSPITAL, CA US",,,40.1867,-123.5903,Humboldt,38.2777,-122.2647,10.7,2018,0,0,213,23
US1CAHM0046,"TRINIDAD 1.0 ENE, CA US",,,40.2002,-124.1053,Humboldt,41.0614,-124.124,87.5,2018,,,,
US1CASA0030,"LA RIVIERA 1.0 NE, CA US",,,41.0614,-124.124,Humboldt,38.5753,-121.34,19.5,2018,,,,
USC00045933,"MOUNT HAMILTON, CA US",,,40.9473,-123.6279,Humboldt,37.3436,-121.6425,1282,2018,0,5,124,3
US1CAIN0013,"BISHOP 1.4 WNW, CA US",,,40.9231,-124.084,Humboldt,37.3786,-118.4178,1281.1,2018,,,,
US1CASR0002,"HESPERIA 2.1 E, CA US",,,40.4833,-124.1038,Humboldt,34.4199,-117.2647,933.3,2018,,,,
USW00053152,"SANTA BARBARA 11 W, CA US",,,40.4734,-123.7013,Humboldt,34.4141,-119.8796,5.5,2018,0,0,156,0
USR0000COPA,"OPAL MOUNTAIN CALIFORNIA, CA US",,,40.97806,-124.10861,Humboldt,35.1542,-117.1756,987.6,2018,0,0,234,115
USW00023179,"NEEDLES AIRPORT, CA US",,,40.0775,-123.8239,Humboldt,34.7675,-114.6188,271.3,2018,0,0,314,186
USR0000CALP,"ALPINE CALIFORNIA, CA US",,,40.8724,-124.0973,Humboldt,32.8336,-116.7392,622.1,2018,0,0,250,50
USC00041253,"CACHUMA LAKE, CA US",,,40.7642,-124.1476,Humboldt,34.5822,-119.9817,242.3,2018,,0,292,90
US1CABT0017,"CHICO 5.5 NW, CA US",,,41.0593,-124.1398,Humboldt,39.7999,-121.8915,58.2,2018,,,,
USC00044555,"KING CITY, CA US",,,41.39,-123.4958,Humboldt,36.2069,-121.1377,97.5,2018,0,0,263,30
USR0000CROD,"RODEO VALLEY, CA US",,,40.9778,-124.086,Humboldt,39.6681,-123.3211,740.1,2018,0,0,185,51
USR0000CJER,"JERSEYDALE CALIFORNIA, CA US",,,40.8809,-124.0692,Humboldt,37.5436,-119.8386,1188.7,2018,0,0,185,49
US1CASD0018,"CHULA VISTA 6.3E, CA US",,,40.7659,-123.9985,Humboldt,32.6381,-116.9753,169.2,2018,,,,
USC00044712,"LAKE SOLANO, CA US",,,41.2897,-123.8575,Humboldt,38.492,-122.0039,57,2018,0,0,231,97
USR0000CPUL,"PULGAS CALIFORNIA, CA US",,,40.8097,-124.1602,Humboldt,37.475,-122.2981,196.3,2018,0,0,198,16
USC00046602,"PACOIMA DAM FC33A E, CA US",,,40.1383,-123.8236,Humboldt,34.3294,-118.4005,472.4,2018,,,,
US1CASK0010,"DORRIS 0.2 SW, CA US",,,41.0478,-123.6714,Humboldt,41.9633,-121.923,1295.1,2018,,,,
USR0000COKN,"OAKLAND NORTH CALIFORNIA, CA US",,,40.3172,-124.2816,Humboldt,37.865,-122.2208,427.6,2018,0,0,125,1
,,,,41.1383,-123.9056,Humboldt,,,,,,,,
USR0000CMSA,"MARIPOSA CALIFORNIA, CA US",,,32.83417,-115.57861,Imperial,37.5042,-119.9869,680,2018,0,0,216,82
USW00024215,"MOUNT SHASTA, CA US",,,32.9903,-116.0669,Imperial,41.3325,-122.33278,1077.5,2018,0,1,160,35
USC00040029,"ADIN RANGER STATION, CA US",,,32.8488,-115.5666,Imperial,41.1936,-120.9447,1278.6,2018,,,,
USC00049888,"YUCCA VALLEY, CA US",,,32.9083,-114.4944,Imperial,34.1294,-116.3879,990.3,2018,0,0,242,124
USC00046194,"NICOLAUS NUMBER 2, CA US",,,32.9736,-115.1736,Imperial,38.9261,-121.5447,13.1,2018,,,,
USR0000CFRE,"FREMONT CANYON CALIFORNIA, CA US",,,32.7397,-114.8839,Imperial,33.8081,-117.7111,542.8,2018,0,0,237,25
USR0000CPNN,"PINNACLES CALIFORNIA, CA US",,,32.7397,-114.8839,Imperial,36.4708,-121.1472,402.9,2018,0,0,258,98
USW00023273,"SANTA MARIA PUBLIC AIRPORT, CA US",,,32.7669,-115.5617,Imperial,34.8994,-120.4486,73.8,2018,0,0,224,4
USR0000CWES,"WESTWOOD CALIFORNIA, CA US",,,32.81667,-115.68333,Imperial,40.3067,-120.9,1767.8,2018,0,19,115,6
USW00023244,"MOFFETT FEDERAL AIRFIELD, CA US",,,37.39,-118.5506,Inyo,37.4058,-122.0481,11.9,2018,,,,
US1CACC0040,"EL CERRITO 0.3 WNW, CA US",,,35.8717,-117.9183,Inyo,37.9226,-122.3068,41.8,2018,,,,
US1CALA0077,"LANCASTER 5.5 E, CA US",,,36.4622,-116.8669,Inyo,34.6831,-118.0802,734,2018,,,,
USR0000CSDC,"SODA CREEK CALIFORNIA, CA US",,,37.3786,-118.4178,Inyo,39.425,-122.9772,540.4,2018,0,0,210,84
USC00043191,"FORT ROSS, CA US",,,36.5625,-117.4736,Inyo,38.515,-123.2447,34.1,2018,,,,
US1CASM0015,"SAN MATEO 3.4 SSW, CA US",,,36.602,-117.1449,Inyo,37.5185,-122.3432,178.3,2018,,,,
USR0000CBCN,"BELL CANYON CALIFORNIA, CA US",,,37.3711,-118.358,Inyo,33.5417,-117.5917,213.4,2018,0,0,267,32
USR0000CCRA,"CRANE FLAT LOOKOUT CALIFORNIA, CA US",,,36.8425,-118.2594,Inyo,37.7617,-119.8247,2025.1,2018,0,14,109,0
USW00053120,"RAMONA AIRPORT, CA US",,,41.9919,-123.6036,Josephine,33.0375,-116.91583,424.6,2018,0,0,285,70
US1CAKN0001,"INYOKERN 9.4 WSW, CA US",,,35.6345,-117.9782,Kern,35.6345,-117.9782,1316.4,2018,,,,
US1CANP0003,"CALISTOGA 0.4 SSE, CA US",,,35.1011,-118.4222,Kern,38.5764,-122.578,106.1,2018,,,,
USC00043038,"FIDDLETOWN DEXTER RANCH, CA US",,,35.7022,-118.1739,Kern,38.5236,-120.7061,658.4,2018,,,,
USR0000CTAN,"TANBARK CALIFORNIA, CA US",,,35.5317,-118.6303,Kern,34.2069,-117.7606,792.5,2018,0,0,221,41
USS0019L41S,"BURNSIDE LAKE, CA US",,,35.4186,-119.0508,Kern,38.72,-119.89,2477.7,2018,19,31,62,0
USC00042863,"ESCONDIDO NUMBER 2, CA US",,,35.6181,-119.6892,Kern,33.121,-117.09,182.9,2018,0,0,291,55
USC00047813,"SAN JACINTO, CA US",,,35.4867,-119.1458,Kern,33.7965,-116.9753,464.8,2018,0,0,287,117
USS0019L19S,"EBBETTS PASS, CA US",,,35.7217,-118.4989,Kern,38.55,-119.8,2671.6,2018,1,37,55,0
USC00047672,"SALINAS DAM, CA US",,,35.4344,-119.0542,Kern,35.3372,-120.5038,424.3,2018,,,,
USW00023271,"SACRAMENTO 5 ESE, CA US",,,35.3311,-119.1078,Kern,38.5552,-121.4183,11.6,2018,0,0,230,90
US1CASD0030,"LA JOLLA 2.1 SE, CA US",,,35.5892,-119.352,Kern,32.8257,-117.2501,149.7,2018,,,,
US1CADN0006,"SMITH RIVER 1.1 SSE, CA US",,,35.4783,-117.6989,Kern,41.9153,-124.136,36.6,2018,,,,
USW00003177,"CARLSBAD MCCLELLAN PALOMAR AIRPORT, CA US",,,35.6647,-118.0569,Kern,33.12806,-117.27944,100,2018,0,0,183,2
USR0000CWHH,"WHITTIER HILLS CALIFORNIA, CA US",,,35.1464,-118.4986,Kern,33.9839,-118.01,289.6,2018,0,0,271,33
,,,,34.8083,-119.0125,Kern,,,,,,,,
US1CAKG0004,"HANFORD 3.6 N, CA US",,,36.3769,-119.6527,Kings,36.3769,-119.6527,78.6,2018,,,,
USC00047965,"SANTA ROSA, CA US",,,36.3349,-119.6743,Kings,38.45579,-122.71335,50.6,2018,0,0,213,31
USR0000CVND,"VANDENBERG CALIFORNIA, CA US",,,36.31889,-119.62889,Kings,34.7586,-120.4861,320,2018,0,0,154,4
USR0000CCAR,"CARRIZO CALIFORNIA, CA US",,,36.295,-119.7914,Kings,35.0964,-119.7728,759,2018,0,0,237,88
US1CASK0009,"FORKS OF SALMON 1.0 NW, CA US",,,36.3158,-119.637,Kings,41.2688,-123.3336,507.2,2018,,,,
USR0000CROS,"ROSE VALLEY CALIFORNIA, CA US",,,36.2932,-119.7718,Kings,34.5431,-119.1842,1015.3,2018,0,0,215,44
US1CASA0002,"SACRAMENTO 8.0 NE, CA US",,,36.0333,-120.0569,Kings,38.635,-121.3611,29,2018,,,,
US1CASH0006,"SHINGLETOWN 5.3 ENE, CA US",,,41.9992,-121.7003,Klamath,40.5239,-121.7957,1208.2,2018,,,,
USR0000CDNK,"DINKEY CALIFORNIA, CA US",,,39.1258,-123.0736,Lake,37.0664,-119.0394,1727.6,2018,0,5,130,2
USR0000CLAB,"LOS BANOS CALIFORNIA, CA US",,,39.2083,-122.8083,Lake,37.0547,-121.0531,106.7,2018,0,0,229,79
USR0000CHAS,"HASTINGS CALIFORNIA, CA US",,,41.99,-120.18,Lake,36.3886,-121.5517,574.5,2018,0,0,205,35
US1CASC0057,"MORGAN HILL 4.5 NW, CA US",,,39.425,-122.9772,Lake,37.1725,-121.703,94.5,2018,,,,
US1CAHM0063,"ARCATA 0.9 WNW, CA US",,,39.1682,-122.9778,Lake,40.8724,-124.0973,4.6,2018,,,,
USR0000CBR4,"BRIDGEPORT 4 NW CALIFORNIA, CA US",,,39.0189,-122.4119,Lake,38.2719,-119.2892,2026.9,2018,0,9,146,17
USC00043896,"HEMET, CA US",,,38.9119,-122.7064,Lake,33.7381,-116.8939,552,2018,0,0,280,113
USR0000CPAR,"PARKFIELD CALIFORNIA, CA US",,,38.8619,-122.4172,Lake,35.8989,-120.4319,467.9,2018,0,0,252,99
US1CAVT0018,"THOUSAND OAKS 2.3 NE, CA US",,,41.99,-120.72,Lake,34.2149,-118.8367,333.1,2018,,,,
USW00023293,"SAN JOSE, CA US",,,40.6306,-120.5028,Lassen,37.3591,-121.924,15.5,2018,,,,
USR0000CDMC,"DEMOCRAT CALIFORNIA, CA US",,,40.7586,-120.8961,Lassen,35.5317,-118.6303,718.1,2018,0,0,245,99
USC00047326,"REDONDO BEACH, CA US",,,40.4808,-120.1139,Lassen,33.8342,-118.3759,43.3,2018,0,0,222,4
USR0000CSEC,"SECRET TOWN CALIFORNIA, CA US",,,41.1936,-120.9447,Lassen,39.1836,-120.8847,861.4,2018,0,0,221,79
USW00024257,"REDDING MUNICIPAL AIRPORT, CA US",,,40.7308,-120.3164,Lassen,40.5175,-122.2986,151.5,2018,0,0,234,111
US1CAHM0030,"GARBERVILLE 2.2 SW, CA US",,,40.7817,-120.7844,Lassen,40.0775,-123.8239,126.5,2018,,,,
US1CALK0009,"UPPER LAKE 3.6 W, CA US",,,40.1417,-120.3533,Lassen,39.1682,-122.9778,438.9,2018,,,,
US1CASM0007,"HALF MOON BAY 0.5 SSW, CA US",,,40.4167,-120.6631,Lassen,37.463,-122.4408,16.5,2018,,,,
USS0019L40S,"MONITOR PASS, CA US",,,40.0222,-120.1056,Lassen,38.67,-119.61,2532.9,2018,1,29,78,0
USC00044890,"LEMON COVE, CA US",,,40.8072,-121.2967,Lassen,36.3817,-119.0264,156.4,2018,0,0,268,122
US1CARV0043,"MURRIETA 3.6 NNE, CA US",,,40.5981,-121.0831,Lassen,33.6081,-117.1878,525.2,2018,,,,
USC00042327,"DEEP CANYON LAB, CA US",,,40.3067,-120.9,Lassen,33.6513,-116.3763,365.8,2018,,,,
,,,,41.0547,-120.3375,Lassen,,,,,,,,
USR0000CCLE,"CLEAR CREEK CALIFORNIA, CA US",,,34.2711,-118.1525,Los Angeles,34.2711,-118.1525,914.4,2018,0,,190,25
USR0000CBGR,"BANGOR CALIFORNIA, CA US",,,34.0583,-118.6333,Los Angeles,39.3975,-121.3861,244.8,2018,0,0,220,85
US1CAME0004,"MERCED 1.2 NW, CA US",,,33.8299,-118.3882,Los Angeles,37.3102,-120.4968,51.2,2018,,,,
USR0000CBEN,"BENTON CALIFORNIA, CA US",,,34.1392,-118.1161,Los Angeles,37.8431,-118.4778,1661.2,2018,1,1,197,86
US1CASO0007,"FAIRFIELD 5.9 WSW, CA US",,,34.1689,-118.2947,Los Angeles,38.2215,-122.143,1006.8,2018,,,,
USR0000CCRZ,"CRAZY PEAK CALIFORNIA, CA US",,,34.01583,-118.45139,Los Angeles,41.9919,-123.6036,1210.1,2018,0,1,133,8
USW00023232,"SACRAMENTO EXECUTIVE AIRPORT, CA US",,,34.2052,-117.8608,Los Angeles,38.5069,-121.495,4.6,2018,0,0,222,75
USC00043157,"FORT BIDWELL, CA US",,,34.0842,-118.1003,Los Angeles,41.8715,-120.1574,1444.4,2018,1,11,144,31
USR0000CMCG,"MCGUIRES CALIFORNIA, CA US",,,34.3903,-118.0825,Los Angeles,39.3528,-123.6011,180.7,2018,0,0,147,5
USC00046175,"NEWPORT BEACH HARBOR, CA US",,,34.1866,-118.348,Los Angeles,33.6031,-117.8836,3,2018,0,0,151,0
US1CAHM0048,"WILLOW CREEK 4.9 NNE, CA US",,,34.1369,-117.7069,Los Angeles,40.9473,-123.6279,152.7,2018,,,,
USC00040673,"BEN LOMOND NUMBER 4, CA US",,,33.7997,-118.391,Los Angeles,37.0855,-122.0797,128,2018,0,0,268,78
US1CAFR0014,"FRESNO 2.4 NW, CA US",,,33.8342,-118.3759,Los Angeles,36.8053,-119.8222,97.2,2018,,,,
US1CASD0148,"ESCONDIDO 2.2 W, CA US",,,34.005,-118.4139,Los Angeles,33.1311,-117.1081,221.3,2018,,,,
US1CAMR0009,"PETALUMA 10.1 W, CA US",,,34.2069,-117.7606,Los Angeles,38.2475,-122.8119,36.3,2018,,,,
US1CASR0034,"RANCHO CUCAMONGA 1.6 W, CA US",,,34.62944,-118.08361,Los Angeles,34.1223,-117.5977,420.3,2018,,,,
US1CAHM0004,"MCKINLEYVILLE 2.7 SE, CA US",,,33.7902,-118.3369,Los Angeles,40.9231,-124.084,99.1,2018,,,,
USR0000CAGD,"ARROYO GRANDE CALIFORNIA, CA US",,,34.6831,-118.0802,Los Angeles,35.1792,-120.3919,319.4,2018,0,0,272,64
US1CASD0008,"ESCONDIDO 5.2NNW, CA US",,,34.1553,-117.9078,Los Angeles,33.1852,-117.1282,449.3,2018,,,,
USC00044881,"LEE VINING, CA US",,,34.4311,-118.6828,Los Angeles,37.9567,-119.1194,2071.7,2018,0,18,143,15
US1CASD0011,"ENCINITAS 2.7N, CA US",,,34.3317,-118.0303,Los Angeles,33.0757,-117.292,57.3,2018,,,,
USR0000CROC,"ROCK CREEK, CA US",,,34.7411,-118.2116,Los Angeles,37.5514,-118.6672,2145.8,2018,0,11,143,8
USR0000CCOL,"COLLINS BALDY CALIFORNIA, CA US",,,34.1819,-118.5744,Los Angeles,41.775,-122.9503,1674.3,2018,0,27,106,1
US1CASM0032,"SAN MATEO 0.8 NE, CA US",,,33.9862,-118.0664,Los Angeles,37.5684,-122.3012,1.5,2018,,,,
USW00023285,"LIVERMORE MUNICIPAL AIRPORT, CA US",,,34.1543,-118.42,Los Angeles,37.6927,-121.8144,119.8,2018,0,0,211,55
US1CASD0132,"DESCANSO 3.7N, CA US",,,34.0232,-117.7965,Los Angeles,32.9083,-116.6227,1014.1,2018,,,,
US1CARV0038,"RIVERSIDE 5.8 E, CA US",,,34.5894,-118.4547,Los Angeles,33.9406,-117.2964,468.2,2018,,,,
USR0000CSAC,"SACRAMENTO NWR CALIFORNIA, CA US",,,34.6847,-117.8208,Los Angeles,39.4172,-122.1825,36.6,2018,0,0,232,94
US1CAAL0001,"PIEDMONT 1.0 SE, CA US",,,34.5883,-118.0938,Los Angeles,37.8123,-122.216,113.4,2018,,,,
US1CASD0035,"RANCHO BERNARDO 0.5SE, CA US",,,33.8016,-118.3419,Los Angeles,33.0184,-117.0666,147.2,2018,,,,
USR0000CMCB,"MILL CREEK BDF CALIFORNIA, CA US",,,34.0236,-118.2911,Los Angeles,34.0836,-117.0347,899.2,2018,0,0,242,67
USR0000CCAS,"CASE SPRINGS CALIFORNIA, CA US",,,34.7325,-118.3833,Los Angeles,33.445,-117.4181,707.1,2018,0,0,188,13
US1CASD0055,"SAN DIEGO 5.2WNW, CA US",,,34.705,-118.4297,Los Angeles,32.7348,-117.2447,76.5,2018,,,,
US1CACC0010,"LAFAYETTE 1.9 WSW, CA US",,,34.0809,-118.2729,Los Angeles,37.8883,-122.1526,157.9,2018,,,,
USR0000CFHL,"FORT HUNTER LIGGET CALIFORNIA, CA US",,,34.425,-118.525,Los Angeles,36.0117,-121.2417,335.3,2018,0,0,253,103
USR0000CSAW,"SAWYERS BAR CALIFORNIA, CA US",,,34.125,-118.4122,Los Angeles,41.3003,-123.1322,668.1,2018,,,,
USC00040798,"BIG TUJUNGA DAM FC46, CA US",,,34.2936,-118.3608,Los Angeles,34.29481,-118.18849,709,2018,,,,
USC00045119,"LOS BANOS ARBURUA RANCH, CA US",,,34.29481,-118.18849,Los Angeles,36.8749,-120.9386,256.9,2018,,,,
USW00093230,"SOUTH LAKE TAHOE AIRPORT, CA US",,,33.938,-118.3888,Los Angeles,38.8983,-119.9947,1924.5,2018,4,18,122,1
USR0000CBEA,"BEAR PEAK CALIFORNIA, CA US",,,34.7184,-118.0659,Los Angeles,35.8842,-118.0517,2507.9,2018,0,24,93,0
USC00040693,"BERKELEY, CA US",,,34.3617,-118.4217,Los Angeles,37.8744,-122.2605,94.5,2018,0,0,185,1
USR0000CSCN,"SCORPION CALIFORNIA, CA US",,,34.4456,-117.8511,Los Angeles,41.1117,-122.6967,1341.1,2018,0,2,201,62
USC00042934,"FAIRFIELD, CA US",,,34.1483,-118.1447,Los Angeles,38.2736,-122.0677,12.2,2018,0,0,217,62
USR0000CTHO,"THOMES CREEK CALIFORNIA, CA US",,,34.4458,-118.2,Los Angeles,39.8644,-122.6097,317,2018,0,0,233,96
USR0000CCAL,"CALLAHAN CALIFORNIA, CA US",,,34.5686,-118.7403,Los Angeles,41.3075,-122.7958,955.9,2018,0,2,165,61
USC00048758,"TAHOE CITY, CA US",,,34.3294,-118.4005,Los Angeles,39.1678,-120.1428,1898.9,2018,0,18,106,0
USS0020H01S,"STATE LINE, CA US",,,34.18211,-118.13827,Los Angeles,41.99,-120.72,1731.3,2018,1,17,93,2
USR0000CPIK,"PIKE CO LOOKOUT CALIFORNIA, CA US",,,33.8116,-118.1463,Los Angeles,39.475,-121.2025,1132,2018,0,2,171,21
USW00093245,"BODEGA 6 WSW, CA US",,,34.3789,-117.6919,Los Angeles,38.3208,-123.0747,19.2,2018,0,0,2,0
USW00023191,"AVALON CATALINA AIRPORT, CA US",,,34.20056,-118.3575,Los Angeles,33.405,-118.41583,488.3,2018,0,0,177,13
US1CACC0037,"CONCORD 2.1 SE, CA US",,,34.1208,-117.9458,Los Angeles,37.9533,-121.9712,81.4,2018,,,,
US1CANV0041,"NEVADA CITY 1.7 SSE, CA US",,,34.4268,-118.4275,Los Angeles,39.2384,-121.0058,965.6,2018,,,,
,,,,33.92278,-118.33417,Los Angeles,,,,,,,,
,,,,34.5025,-117.8969,Los Angeles,,,,,,,,
,,,,34.0697,-118.4427,Los Angeles,,,,,,,,
,,,,34.5958,-118.5786,Los Angeles,,,,,,,,
,,,,34.7436,-118.7242,Los Angeles,,,,,,,,
,,,,33.405,-118.41583,Los Angeles,,,,,,,,
,,,,33.9839,-118.01,Los Angeles,,,,,,,,
,,,,34.20972,-118.48917,Los Angeles,,,,,,,,
,,,,34.0918,-117.88012,Los Angeles,,,,,,,,
US1CABT0002,"OROVILLE 2.7 ENE, CA US",,,37.4094,-119.7681,Madera,39.514,-121.518,163.1,2018,,,,
USC00044223,"IMPERIAL, CA US",,,37.2331,-119.5047,Madera,32.8488,-115.5666,-19.5,2018,0,0,330,168
USS0020K04S,"INDEPENDENCE CAMP, CA US",,,37.2319,-119.5083,Madera,39.45,-120.29,2134.5,2018,2,23,83,0
USR0000CSRO,"SANTA ROSA PLATEAU CALIFORNIA, CA US",,,37.0367,-119.9842,Madera,33.5286,-117.2306,603.5,2018,0,0,253,34
USR0000CBLT,"BEN BOLT CALIFORNIA, CA US",,,36.98778,-120.11056,Madera,38.5908,-120.9336,275.8,2018,0,0,226,91
US1CASM0016,"HALF MOON BAY 0.7 NW, CA US",,,36.9969,-119.7072,Madera,37.4777,-122.4454,11,2018,,,,
USC00041697,"CHERRY VALLEY DAM, CA US",,,36.90883,-119.80069,Madera,37.9747,-119.9161,1452.4,2018,0,0,170,56
US1CAAL0018,"BERKELEY 4.0 E, CA US",,,37.2717,-119.802,Madera,37.8575,-122.2256,349.9,2018,,,,
,,,,37.2119,-119.69,Madera,,,,,,,,
US1CAMD0026,"CASPAR 1.4 ESE, CA US",,,38.041,-122.543,Marin,39.361,-123.789,98.5,2018,,,,
USC00048760,"TAHOMA, CA US",,,38.2475,-122.8119,Marin,39.06,-120.1292,1924.8,2018,,35,96,0
US1CASR0014,"JOSHUA TREE 2.0 S, CA US",,,38.079,-122.5698,Marin,34.0973,-116.3178,1039.1,2018,,,,
USR0000CHEL,"HELL HOLE CALIFORNIA, CA US",,,38.0394,-122.57,Marin,39.0717,-120.4217,1597.2,2018,0,11,138,8
US1CASC0040,"LOS GATOS 5.4 SSW, CA US",,,37.9906,-122.6447,Marin,37.156,-121.9875,506.6,2018,,,,
USC00046521,"OROVILLE, CA US",,,37.9566,-122.5447,Marin,39.5177,-121.553,52.1,2018,0,0,224,94
USC00043573,"GRASS VALLEY NUMBER 2, CA US",,,38.0096,-122.5801,Marin,39.2041,-121.068,731.5,2018,0,0,199,50
USR0000CWAK,"WALKER CALIFORNIA, CA US",,,38.1104,-122.6,Marin,38.5653,-119.4592,1658.1,2018,0,10,161,52
,,,,38.0281,-122.7022,Marin,,,,,,,,
USR0000CSBB,"SANTA BARBARA ISLAND CALIFORNI, CA US",,,37.4094,-119.7681,Mariposa,33.4833,-119.0333,53.6,2018,0,0,72,0
USC00041916,"COLGATE POWERHOUSE, CA US",,,37.5042,-119.9869,Mariposa,39.3308,-121.1922,181.4,2018,,,,
USW00093197,"SANTA MONICA MUNICIPAL AIRPORT, CA US",,,37.585,-120.2672,Mariposa,34.01583,-118.45139,53,2018,0,0,226,1
USR0000CWHT,"WHITMORE CALIFORNIA, CA US",,,37.75027,-119.58972,Mariposa,40.6194,-121.8994,736.7,2018,0,0,209,77
US1CASH0069,"SHINGLETOWN 2.5 E, CA US",,,37.7592,-119.8208,Mariposa,40.4988,-121.8433,1110.4,2018,,,,
USC00041700,"CHESTER, CA US",,,37.5436,-119.8386,Mariposa,40.3033,-121.2422,1380.7,2018,0,4,149,31
USC00046826,"PETALUMA AIRPORT, CA US",,,37.4681,-120.1106,Mariposa,38.2577,-122.6077,6.1,2018,0,0,200,7
US1CAOR0035,"MISSION VIEJO 3.9 NNE, CA US",,,37.4613,-119.7417,Mariposa,33.6645,-117.6264,320.3,2018,,,,
USR0000CSFD,"SANTA FE DAM CALIFORNIA, CA US",,,37.7617,-119.8247,Mariposa,34.1208,-117.9458,152.4,2018,0,0,297,93
US1CAMD0001,"UKIAH 8.4 NW, CA US",,,39.2206,-123.3312,Mendocino,39.2206,-123.3312,759.6,2018,,,,
US1CASR0055,"SAN BERNARDINO 5.1 NW, CA US",,,39.8333,-123.0833,Mendocino,34.195,-117.3502,528.8,2018,,,,
USS0019L43S,"FORESTDALE CREEK, CA US",,,39.3528,-123.6011,Mendocino,38.68,-119.96,2443.6,2018,1,29,87,0
US1CASD0104,"DESCANSO 0.8 N, CA US",,,39.12583,-123.20083,Mendocino,32.8651,-116.6175,1062.8,2018,,,,
USC00046386,"OCOTILLO WELLS 2 W, CA US",,,39.3619,-123.1286,Mendocino,33.1552,-116.1688,118.9,2018,0,0,330,180
US1CAMR0029,"SAN RAFAEL 4.6 NNW, CA US",,,39.8075,-122.945,Mendocino,38.041,-122.543,59.4,2018,,,,
USR0000CBUL,"BULL FLAT CALIFORNIA, CA US",,,39.361,-123.789,Mendocino,40.4808,-120.1139,1339.6,2018,0,7,154,49
USR0000CWHC,"WHITE CLOUD CALIFORNIA, CA US",,,39.1878,-123.7096,Mendocino,39.3167,-120.8375,1316.7,2018,0,4,169,32
USW00023136,"CAMARILLO AIRPORT, CA US",,,39.0308,-123.0806,Mendocino,34.21667,-119.08333,23.5,2018,0,0,252,12
USC00046168,"NEWMAN, CA US",,,39.5091,-123.7566,Mendocino,37.2811,-121.0177,27.4,2018,0,0,268,146
US1CAOR0006,"SILVERADO 1.0 ESE, CA US",,,39.7022,-123.485,Mendocino,33.7455,-117.6199,424.9,2018,,,,
USC00040521,"BARSTOW, CA US",,,39.3415,-123.7761,Mendocino,34.8927,-117.0219,676.7,2018,0,0,239,131
USW00093242,"MADERA MUNICIPAL AIRPORT, CA US",,,39.6681,-123.3211,Mendocino,36.98778,-120.11056,77.1,2018,0,0,249,109
USC00047916,"SANTA CRUZ, CA US",,,38.9875,-123.3486,Mendocino,36.98785,-121.99952,21.3,2018,0,0,209,3
USR0000CSNL,"SAN LUIS NWR CALIFORNIA, CA US",,,37.1822,-120.7939,Merced,37.1822,-120.7939,19.8,2018,0,0,238,97
USR0000CQUI,"QUINCY RD CALIFORNIA, CA US",,,37.3102,-120.4968,Merced,39.9733,-120.9419,1066.8,2018,0,0,190,74
US1CASN0090,"FORESTVILLE 0.7 SW, CA US",,,37.2381,-120.8825,Merced,38.4733,-122.8974,61.3,2018,,,,
US1CASD0157,"LEMON GROVE 0.9 W, CA US",,,37.28472,-120.51278,Merced,32.7358,-117.0483,135.3,2018,,,,
USR0000CCDG,"CEDAR GROVE CALIFORNIA, CA US",,,37.0547,-121.0531,Merced,36.7878,-118.6561,1438.7,2018,0,0,176,45
US1CAVT0002,"FRAZIER PARK 10.7 WSW, CA US",,,37.2888,-120.5158,Merced,34.746,-119.1103,1607.5,2018,,,,
USC00049063,"TUOLUMNE MEADOWS RANGER STATION, CA US",,,37.2811,-121.0177,Merced,37.8769,-119.3436,2649.9,2018,17,36,80,0
US1CASD0059,"ESCONDIDO 0.8 NNE, CA US",,,37.0563,-120.8666,Merced,33.1474,-117.0656,223.7,2018,,,,
USR0000CPIL,"PILOT HILL CALIFORNIA, CA US",,,36.8749,-120.9386,Merced,38.8325,-121.0086,365.8,2018,0,0,220,79
USS0020H13S,"ADIN MOUNTAIN, CA US",,,41.24,-120.79,Modoc,41.24,-120.79,1886.7,2018,5,22,86,0
USC00048606,"STRAWBERRY VALLEY, CA US",,,41.89,-120.75,Modoc,39.563,-121.1077,1160.7,2018,0,1,175,24
USR0000CSLA,"SLATER BUTTE CALIFORNIA, CA US",,,41.295,-120.3133,Modoc,41.8586,-123.3525,1423.4,2018,0,19,130,13
USC00048829,"TEHACHAPI 4 SE, CA US",,,41.49139,-120.56444,Modoc,35.1011,-118.4222,1286.3,2018,0,0,158,24
US1CAHM0070,"HONEYDEW 3.2 SSE, CA US",,,41.8715,-120.1574,Modoc,40.2002,-124.1053,425.2,2018,,,,
USR0000CGOR,"GORDON CALIFORNIA, CA US",,,41.99,-120.18,Modoc,40.7586,-120.8961,1889.8,2018,1,21,113,4
USR0000CMIO,"MILO CALIFORNIA, CA US",,,41.53,-120.6714,Modoc,36.2314,-118.8689,586.1,2018,0,0,228,91
USR0000CJUN,"JUNIPER CREEK CALIFORNIA, CA US",,,41.1936,-120.9447,Modoc,41.3322,-120.4725,1332.6,2018,2,6,146,37
US1CAYB0001,"CHALLENGE BROWNSVILLE 1.3 WSW, CA US",,,41.3322,-120.4725,Modoc,39.4518,-121.2801,624.5,2018,,,,
USR0000CHUR,"HURLEY CALIFORNIA, CA US",,,41.2944,-120.8639,Modoc,37.0153,-119.5678,366.1,2018,0,0,229,98
USC00042319,"DEATH VALLEY, CA US",,,41.6294,-121.2981,Modoc,36.4622,-116.8669,-59.1,2018,0,0,316,210
USS0020K03S,"INDEPENDENCE CREEK, CA US",,,41.5135,-120.3648,Modoc,39.49,-120.28,1967.8,2018,3,14,105,1
USR0000CYUC,"YUCCA VALLEY CALIFORNIA, CA US",,,41.58,-120.3,Modoc,34.1233,-116.4078,993.6,2018,0,0,236,116
USW00023187,"SANDBERG, CA US",,,41.99,-120.72,Modoc,34.7436,-118.7242,1374.6,2018,0,1,176,46
USC00044997,"LIVERMORE, CA US",,,37.8431,-118.4778,Mono,37.6922,-121.7691,146.3,2018,0,0,215,60
USS0019L38S,"LEAVITT LAKE, CA US",,,37.745,-118.9833,Mono,38.28,-119.61,2931.3,2018,3,43,21,0
USR0000CBRF,"BEAR FLAT CALIFORNIA, CA US",,,38.28,-119.61,Mono,41.295,-120.3133,1889.8,2018,1,14,107,6
USR0000CALT,"LOS ALTOS CALIFORNIA, CA US",,,38.31,-119.6,Mono,37.3581,-122.1472,196.6,2018,0,0,220,25
USW00093227,"NAPA CO AIRPORT, CA US",,,37.9567,-119.1194,Mono,38.2102,-122.2847,4.3,2018,0,0,196,6
USR0000CSOL,"SOLDIER MOUNTAIN CALIFORNIA, CA US",,,37.5514,-118.6672,Mono,40.9258,-121.5856,1130.8,2018,0,0,168,48
USR0000CHIG,"HIGH SIERRA CALIFORNIA, CA US",,,38.44,-119.37,Mono,37.3147,-119.0383,2256.4,2018,0,10,132,2
USR0000CBRK,"BLACKROCK CALIFORNIA, CA US",,,38.4,-119.54,Mono,36.0931,-118.2603,2499.4,2018,1,16,125,0
USC00045026,"LODGEPOLE, CA US",,,38.2719,-119.2892,Mono,36.6044,-118.7325,2052.8,2018,,,,
USR0000CDIA,"DIABLO GRANDE CALIFORNIA, CA US",,,38.67,-119.61,Mono,37.3292,-121.2939,563.9,2018,0,0,201,69
USW00023230,"OAKLAND METROPOLITAN, CA US",,,38.5653,-119.4592,Mono,37.7214,-122.2208,1.8,2018,0,0,124,0
USC00049152,"U C L A, CA US",,,38.07,-119.23,Mono,34.0697,-118.4427,131.1,2018,0,0,246,6
US1CAOR0021,"ANAHEIM 4.9 ENE, CA US",,,38.3,-119.55,Mono,33.8632,-117.7918,90.8,2018,,,,
USW00003178,"SAN DIEGO BROWN FIELD, CA US",,,36.3539,-121.5766,Monterey,32.57222,-116.97944,157,2018,0,0,260,9
USC00040741,"BIG BEAR LAKE, CA US",,,35.8644,-120.8031,Monterey,34.243,-116.917,2058.3,2018,0,6,134,0
US1CASR0020,"LANDERS 1.6 NE, CA US",,,36.2356,-121.785,Monterey,34.2828,-116.3751,900.4,2018,,,,
USR0000CMAD,"MAD RIVER CALIFORNIA, CA US",,,36.3886,-121.5517,Monterey,40.4633,-123.5239,845.8,2018,0,0,182,49
USR0000CBZE,"BRAZIE RANCH CALIFORNIA, CA US",,,36.7764,-121.7284,Monterey,41.6853,-122.5942,914.4,2018,0,1,161,47
USR0000CLAS,"LASSEN LODGE CALIFORNIA, CA US",,,35.9808,-121.1174,Monterey,40.3442,-121.7136,1267.7,2018,0,0,181,54
USR0000CFAN,"FANCHER CREEK CALIFORNIA, CA US",,,36.4805,-121.7244,Monterey,36.8839,-119.4658,280.4,2018,0,0,242,109
US1CASZ0006,"BOULDER CREEK 3.6 NE, CA US",,,36.59031,-121.9055,Monterey,37.1811,-122.0911,525.5,2018,,,,
USS0019L03S,"HAGAN S MEADOW, CA US",,,36.5927,-121.8555,Monterey,38.85,-119.94,2370.1,2018,2,14,89,0
US1CASD0114,"POWAY 3.9 NNW, CA US",,,36.2069,-121.1377,Monterey,33.0361,-117.0457,197.5,2018,,,,
USR0000CDUN,"DUNCAN CALIFORNIA, CA US",,,36.23,-121.4917,Monterey,39.1439,-120.5089,2164.1,2018,0,20,88,0
USR0000CBOO,"BOONVILLE CALIFORNIA, CA US",,,36.6732,-121.7836,Monterey,38.9875,-123.3486,196.3,2018,0,0,194,36
USR0000CKON,"KONOCTI CALIFORNIA, CA US",,,36.0117,-121.2417,Monterey,38.9119,-122.7064,659.3,2018,,,,
USW00024213,"EUREKA WEATHER FORECAST OFFICE WOODLEY ISLAND, CA US",,,36.7282,-121.6562,Monterey,40.8097,-124.1602,6.1,2018,0,0,4,0
USS0020L10S,"FALLEN LEAF, CA US",,,36.6636,-121.6081,Monterey,38.93,-120.05,1900.7,2018,0,8,100,0
US1CAOR0001,"ORANGE 3.5 ENE, CA US",,,35.8989,-120.4319,Monterey,33.8291,-117.77,247.2,2018,,,,
US1CAYL0019,"DAVIS 1.1 ENE, CA US",,,36.5881,-121.8453,Monterey,38.5592,-121.7162,17.1,2018,,,,
USW00094299,"ALTURAS MUNICIPAL AIRPORT, CA US",,,38.2777,-122.2647,Napa,41.49139,-120.56444,1333.5,2018,,4,151,45
US1CABT0032,"BANGOR 0.4 N, CA US",,,38.5764,-122.578,Napa,39.3946,-121.4047,249.9,2018,,,,
US1CASD0001,"SAN MARCOS 2.5 ENE, CA US",,,38.5066,-122.4713,Napa,33.1472,-117.1316,203,2018,,,,
USR0000CSCI,"SANTA CRUZ ISLAND CALIFORNIA, CA US",,,38.2102,-122.2847,Napa,33.9958,-119.7222,76.2,2018,0,0,264,20
US1CAMP0002,"MARIPOSA 12.5 E, CA US",,,38.4916,-122.1241,Napa,37.4613,-119.7417,899.8,2018,,,,
USR0000CCRE,"CRESTVIEW CALIFORNIA, CA US",,,39.43,-120.31,Nevada,37.745,-118.9833,2316.5,2018,16,14,127,4
USR0000CKEE,"KEENWILD CALIFORNIA, CA US",,,39.2382,-121.0463,Nevada,33.6667,-116.7667,1499.6,2018,0,0,183,31
US1CAST0005,"HOLLISTER 2.1 ESE, CA US",,,39.318,-120.145,Nevada,36.8422,-121.365,118.6,2018,,,,
USC00049378,"VISTA, CA US",,,39.1836,-120.8847,Nevada,33.2354,-117.2322,131.1,2018,0,0,249,9
US1CASN0089,"HEALDSBURG 12.6 NNW, CA US",,,39.3167,-120.8375,Nevada,38.7839,-122.9628,312.7,2018,,,,
USR0000CHLD,"HOPLAND CALIFORNIA, CA US",,,39.45,-120.29,Nevada,39.0308,-123.0806,817.5,2018,0,0,191,49
US1CAKG0005,"HANFORD 1.7 WNW, CA US",,,39.2372,-121.2666,Nevada,36.3349,-119.6743,74.7,2018,,,,
USR0000CPHI,"PINE HILLS CALIFORNIA, CA US",,,39.3036,-121.1172,Nevada,33.0164,-116.6339,0,2018,0,0,196,33
USR0000CBLQ,"BLUE RIDGE KNF CALIFORNIA, CA US",,,39.3067,-121.0399,Nevada,41.2694,-123.1875,1815.4,2018,0,23,108,0
USW00093209,"PASO ROBLES MUNICIPAL AIRPORT, CA US",,,39.33,-120.37,Nevada,35.6697,-120.6283,246.9,2018,0,0,251,86
USR0000CSHQ,"SHADEQUARTER CALIFORNIA, CA US",,,39.3886,-120.0936,Nevada,36.5672,-118.9556,1240.2,2018,0,1,172,55
USR0000CCAT,"CATHEYS VALLEY CALIFORNIA, CA US",,,39.2041,-121.068,Nevada,37.4681,-120.1106,365.8,2018,0,0,215,91
USC00046699,"PARKER RESRVOIR, CA US",,,39.0322,-121.0774,Nevada,34.2903,-114.1708,224.9,2018,,,,
,,,,39.2384,-121.0058,Nevada,,,,,,,,
USC00045091,"LONG VALLEY 2, CA US",,,33.87194,-117.97889,Orange,33.81299,-116.64193,2554.2,2018,,,,
USC00043083,"FIVE POINTS 5 SSW, CA US",,,33.5954,-117.6442,Orange,36.3642,-120.1561,86.9,2018,0,0,258,115
USR0000CTRI,"TRINITY CAMP CALIFORNIA, CA US",,,33.7442,-117.8667,Orange,40.7864,-122.8045,1008.3,2018,0,0,168,43
USW00093228,"HAYWARD AIR TERMINAL, CA US",,,33.6031,-117.8836,Orange,37.6542,-122.115,13.1,2018,0,0,165,1
USC00043939,"HETCH HETCHY, CA US",,,33.72,-117.723,Orange,37.9613,-119.783,1179.6,2018,0,0,172,27
USW00003131,"SAN DIEGO MONTGOMERY FIELD, CA US",,,33.5978,-117.6795,Orange,32.81583,-117.13944,127.1,2018,0,0,259,13
US1CAED0023,"EL DORADO HILLS 0.9 NNW, CA US",,,33.8647,-117.8425,Orange,38.698,-121.0869,235,2018,,,,
USS0019L05S,"BLUE LAKES, CA US",,,33.8261,-117.7781,Orange,38.61,-119.92,2455.8,2018,4,34,64,0
US1CAPC0024,"APPLEGATE 0.5 SE, CA US",,,33.7455,-117.6199,Orange,38.9962,-120.986,604.4,2018,,,,
US1CASM0006,"FOSTER CITY 1.3 SW, CA US",,,33.5417,-117.5917,Orange,37.5488,-122.2587,2.1,2018,,,,
USR0000CWWO,"WHITE WOLF CALIFORNIA, CA US",,,33.68,-117.86639,Orange,37.8511,-119.65,2446,2018,3,22,97,0
US1CALA0031,"LANCASTER 6.5 ENE, CA US",,,33.8081,-117.7111,Orange,34.7184,-118.0659,721.2,2018,,,,
USR0000CKNO,"KNOXVILLE CREEK CALIFORNIA, CA US",,,33.5894,-117.8652,Orange,38.8619,-122.4172,670.6,2018,0,0,205,69
USR0000CMS2,"MOUNT SHASTA CALIFORNIA, CA US",,,33.6472,-117.4111,Orange,41.3156,-122.3156,0,2018,0,1,162,33
USC00047470,"RIVERSIDE FIRE STATION 3, CA US",,,33.6645,-117.6264,Orange,33.9511,-117.388,256,2018,,,,
USC00041879,"COARSEGOLD 4 SE, CA US",,,33.8291,-117.77,Orange,37.2119,-119.69,676,2018,,,,
,,,,33.8632,-117.7918,Orange,,,,,,,,
US1CAPC0001,"SODA SPRINGS 1.5 SSW, CA US",,,39.3021,-120.3837,Placer,39.3021,-120.3837,2099.2,2018,,,,
USR0000CCMO,"CASE MOUNTAIN CALIFORNIA, CA US",,,39.14,-120.22,Placer,36.4108,-118.8092,1966,2018,0,13,115,0
USC00043855,"HAYFIELD PUMPING PLANT, CA US",,,39.2774,-120.7102,Placer,33.7044,-115.6289,417.6,2018,,,,
USC00047779,"SAN GABRIEL DAM FC425B E, CA US",,,39.0914,-120.7317,Placer,34.2052,-117.8608,451.4,2018,,,,
USC00047248,"RANCHO BERNARDO, CA US",,,39.318,-120.145,Placer,33.0216,-117.0813,210.3,2018,0,0,265,17
USC00040192,"ANAHEIM, CA US",,,39.3,-120.18,Placer,33.8647,-117.8425,71.6,2018,0,0,315,56
US1CASC0032,"SAN JOSE 6.2 W, CA US",,,38.851,-121.123,Placer,37.3185,-121.9608,42.4,2018,,,,
USC00043244,"FREMONT, CA US",,,39.06,-120.1292,Placer,37.5422,-122.0158,11.6,2018,0,0,178,2
USC00047851,"SAN LUIS OBISPO POLY, CA US",,,39.1836,-120.8847,Placer,35.3056,-120.6619,93.9,2018,0,0,244,13
USR0000CTRM,"TRIMMER CALIFORNIA, CA US",,,39.165,-120.8566,Placer,36.9111,-119.305,469.4,2018,0,0,241,102
USR0000CHAW,"HAWKEYE CALIFORNIA, CA US",,,39.17,-120.15,Placer,38.7817,-122.9169,609.6,2018,0,0,178,23
USR0000CSQU,"SQUAW LAKE CALIFORNIA, CA US",,,38.8088,-121.286,Placer,32.9083,-114.4944,91.4,2018,0,0,327,180
USC00045502,"MECCA FIRE STATION, CA US",,,39.0911,-120.948,Placer,33.5697,-116.073,-55.8,2018,0,0,346,194
USC00044412,"JULIAN CDF, CA US",,,38.9962,-120.986,Placer,33.0763,-116.5925,1284.7,2018,0,0,171,24
USC00042239,"CUYAMACA, CA US",,,38.7399,-121.2575,Placer,32.9897,-116.5872,1414.3,2018,0,0,154,12
US1CASN0112,"SANTA ROSA 2.3 NW, CA US",,,39.0717,-120.4217,Placer,38.4699,-122.7333,41.8,2018,,,,
USC00047902,"SANTA BARBARA, CA US",,,38.8825,-121.2683,Placer,34.4167,-119.6844,4.9,2018,0,0,226,5
USC00046597,"PACIFIC HOUSE, CA US",,,39.1439,-120.5089,Placer,38.7583,-120.503,1051.6,2018,0,1,202,72
US1CAMR0025,"SAN ANSELMO 2.0 NNW, CA US",,,39.19,-120.26,Placer,38.0096,-122.5801,62.2,2018,,,,
USR0000CEEC,"EEL RIVER CAMP CALIFORNIA, CA US",,,39.01,-120.8455,Placer,40.1383,-123.8236,135.9,2018,0,0,198,48
USC00041428,"CAMP PARDEE, CA US",,,39.061,-120.9911,Placer,38.2486,-120.8433,200.6,2018,,,,
USC00046773,"PEARBLOSSOM, CA US",,,39.1678,-120.1428,Placer,34.5025,-117.8969,945.2,2018,0,0,253,122
USR0000CJAR,"JARBO GAP CALIFORNIA, CA US",,,39.0322,-121.0774,Placer,39.7358,-121.4889,759,2018,,,,
USC00043669,"GROVELAND 2, CA US",,,39.9733,-120.9419,Plumas,37.8444,-120.2258,853.4,2018,0,0,200,76
USC00046946,"PIT RIVER PH 5, CA US",,,40.1705,-121.0886,Plumas,40.9869,-121.9772,444.4,2018,,,,
USR0000CRUT,"RUTH CALIFORNIA, CA US",,,40.0017,-120.915,Plumas,40.2506,-123.3158,832.7,2018,0,0,196,58
USR0000CSMI,"SAN MIGUEL CALIFORNIA, CA US",,,40.3033,-121.2422,Plumas,32.685,-116.9736,129.5,2018,0,0,273,15
USC00041424,"CAMPO, CA US",,,39.8053,-120.4719,Plumas,32.6263,-116.4699,801.6,2018,0,0,270,106
USR0000CCP9,"CAMP 9 CALIFORNIA, CA US",,,40.2461,-120.6422,Plumas,34.3617,-118.4217,1219.2,2018,0,0,164,16
USW00023130,"VAN NUYS AIRPORT, CA US",,,39.9366,-120.9475,Plumas,34.20972,-118.48917,234.7,2018,0,0,298,92
USR0000COKG,"OAK GROVE CALIFORNIA, CA US",,,33.95194,-117.43861,Riverside,33.3933,-116.795,838.8,2018,0,0,262,88
USR0000CMET,"METCALF GAP CALIFORNIA, CA US",,,33.81299,-116.64193,Riverside,37.4094,-119.7681,937.9,2018,,,,
USR0000CSHI,"SHIP MOUNTAIN CALIFORNIA, CA US",,,33.7044,-115.6289,Riverside,41.7358,-123.7917,1615.4,2018,0,25,72,0
US1CARV0034,"PERRIS 10.6 W, CA US",,,33.8222,-116.5043,Riverside,33.8209,-117.4051,483.4,2018,,,,
USC00047785,"SAN GABRIEL FIRE DEPARTMENT, CA US",,,33.8209,-117.4051,Riverside,34.0842,-118.1003,110.6,2018,,,,
US1CASB0001,"GOLETA 3.7 WNW, CA US",,,33.7307,-117.4276,Riverside,34.4397,-119.8961,48.2,2018,,,,
USR0000CBSR,"BIG SUR CALIFORNIA, CA US",,,33.7572,-116.7066,Riverside,36.2356,-121.785,137.2,2018,0,0,184,12
USC00047888,"SANTA ANA FIRE STATION, CA US",,,33.6667,-116.7667,Riverside,33.7442,-117.8667,41.1,2018,0,0,292,29
USC00046174,"NEW MELONES DAM HQ, CA US",,,33.7527,-116.9196,Riverside,38.0047,-120.4863,292.6,2018,0,0,232,93
US1CASC0003,"SUNNYVALE 1.9 SE, CA US",,,33.6153,-117.0911,Riverside,37.3647,-122.0042,25.9,2018,,,,
US1CAED0020,"SOUTH LAKE TAHOE 4.9 SW, CA US",,,33.5286,-117.2306,Riverside,38.8817,-120.0339,1927.9,2018,,,,
USS0020L06S,"ECHO PEAK, CA US",,,34.0158,-117.4498,Riverside,38.85,-120.08,2337.8,2018,0,31,67,0
USC00047776,"SAN GABRIEL CANYON PH, CA US",,,33.555,-116.673,Riverside,34.1553,-117.9078,226.8,2018,,,,
USR0000CHNM,"HUNTER MOUNTAIN CALIFORNIA, CA US",,,33.4392,-117.1904,Riverside,36.5625,-117.4736,2097,2018,0,8,141,6
USC00041534,"CARMEL VALLEY, CA US",,,33.7086,-116.2152,Riverside,36.4805,-121.7244,146.3,2018,0,0,223,12
USR0000CLAH,"LA HONDA CALIFORNIA, CA US",,,33.6186,-114.7142,Riverside,37.3053,-122.255,265.8,2018,,,,
USW00093241,"VACAVILLE NUT TREE AIRPORT, CA US",,,34.0178,-116.1878,Riverside,38.3775,-121.9575,33.2,2018,0,0,233,85
US1CASN0088,"OCCIDENTAL 2.8 SW, CA US",,,33.5697,-116.073,Riverside,38.3653,-122.9738,187.1,2018,,,,
US1CASZ0028,"SOQUEL 0.8 NE, CA US",,,33.8767,-117.3089,Riverside,37.0022,-121.9363,126.2,2018,,,,
USC00043914,"HENSHAW DAM, CA US",,,33.9406,-117.2964,Riverside,33.2372,-116.7614,823,2018,0,0,253,93
USC00049298,"VERDI 2 W, CA US",,,33.9059,-117.5178,Riverside,39.5214,-120.0269,1654.8,2018,0,16,137,26
US1CAMD0033,"MENDOCINO 2.7 NNE, CA US",,,33.6617,-115.7206,Riverside,39.3415,-123.7761,128.3,2018,,,,
USR0000CRIC,"RICE VALLEY CALIFORNIA, CA US",,,33.7965,-116.9753,Riverside,34.0608,-114.7322,249.9,2018,0,0,316,174
USW00023254,"CONCORD BUCHANAN FIELD, CA US",,,34.0608,-114.7322,Riverside,37.9917,-122.055,5.5,2018,0,0,227,59
USS0019L06S,"POISON FLAT, CA US",,,33.686,-117.3458,Riverside,38.51,-119.63,2357.9,2018,3,26,76,0
USC00043578,"GRATON, CA US",,,33.9306,-116.95,Riverside,38.4305,-122.8647,61,2018,0,0,223,25
USR0000CVAY,"VALYERMO CALIFORNIA, CA US",,,33.6472,-117.4111,Riverside,34.4456,-117.8511,1152.1,2018,0,0,230,108
USR0000CLAP,"LA PANZA CALIFORNIA, CA US",,,33.7381,-116.8939,Riverside,35.3811,-120.1875,496.8,2018,0,0,253,96
USR0000CDES,"DESCANSO CALIFORNIA, CA US",,,33.7403,-116.8414,Riverside,32.8569,-116.6222,1060.7,2018,0,0,229,64
USW00093205,"MARYSVILLE YUBA CO AIRPORT, CA US",,,33.6081,-117.1878,Riverside,39.1019,-121.5677,18.9,2018,0,0,224,90
US1CASD0049,"SAN DIEGO 9 NE, CA US",,,33.62667,-116.15944,Riverside,32.8168,-117.0586,89,2018,,,,
USC00045378,"MARTINEZ WATER PLANT, CA US",,,33.9511,-117.388,Riverside,38.0131,-122.1142,12.2,2018,,,,
,,,,33.6513,-116.3763,Riverside,,,,,,,,
,,,,33.8275,-116.5097,Riverside,,,,,,,,
US1CASH0068,"MILLVILLE 3.6 SW, CA US",,,38.5069,-121.495,Sacramento,40.5446,-122.1734,154.2,2018,,,,
US1CANV0035,"GRASS VALLEY 1.3 NNE, CA US",,,38.5753,-121.34,Sacramento,39.2382,-121.0463,848,2018,,,,
USC00042402,"DE SABLA, CA US",,,38.69556,-121.58972,Sacramento,39.8716,-121.6108,826,2018,,,,
USC00049185,"UPPER SAN LEANDRO FILTERS, CA US",,,38.5499,-121.4374,Sacramento,37.7719,-122.1675,120.1,2018,,,,
USC00043714,"HALF MOON BAY, CA US",,,38.635,-121.3611,Sacramento,37.4725,-122.4433,8.2,2018,0,0,24,0
USC00049073,"TURLOCK NUMBER 2, CA US",,,38.66,-121.1395,Sacramento,37.5005,-120.855,35.1,2018,0,0,224,74
USC00047111,"POWAY VALLEY, CA US",,,38.5552,-121.4183,Sacramento,33.01953,-117.03096,197.5,2018,,,,
USR0000CMAL,"MALIBU HILLS CALIFORNIA, CA US",,,36.3478,-120.5978,San Benito,34.0583,-118.6333,480.1,2018,0,0,216,20
USC00042920,"EXCHEQUER DAM, CA US",,,36.8422,-121.3622,San Benito,37.585,-120.2672,134.7,2018,,,,
USW00023161,"BARSTOW DAGGETT AIRPORT, CA US",,,36.6066,-120.8841,San Benito,34.8536,-116.7858,584.3,2018,0,0,261,149
US1CAYL0001,"DAVIS 1.2 SE, CA US",,,36.8544,-121.4035,San Benito,38.5425,-121.721,11,2018,,,,
USR0000CHGL,"HIGH GLADE LOOKOUT CALIFORNIA, CA US",,,36.9219,-121.3402,San Benito,39.2083,-122.8083,1475.2,2018,0,6,144,11
USR0000CYOL,"YOLLA BOLLA CALIFORNIA, CA US",,,36.8422,-121.365,San Benito,40.3375,-123.0656,1378.8,2018,0,2,174,42
USC00045860,"MORONGO VALLEY NORTH, CA US",,,36.4708,-121.1472,San Benito,34.0864,-116.5622,958.6,2018,0,0,238,102
US1CASD0120,"N CLAIREMONT 0.6SSE, CA US",,,36.3825,-120.8558,San Benito,32.8257,-117.1993,103.9,2018,,,,
US1CALA0078,"REDONDO BEACH 2.0 SSW, CA US",,,34.3725,-117.3404,San Bernardino,33.8299,-118.3882,25,2018,,,,
USR0000CMOU,"MOUNTAIN REST CALIFORNIA, CA US",,,34.195,-117.3502,San Bernardino,37.0544,-119.3711,1249.7,2018,0,0,179,45
US1CALA0036,"PASADENA 2.0 SE, CA US",,,35.7636,-117.3908,San Bernardino,34.1392,-118.1161,225.2,2018,,,,
USR0000CBDY,"BRADLEY CALIFORNIA, CA US",,,34.4067,-116.9486,San Bernardino,35.8644,-120.8031,163.7,2018,0,0,263,108
USW00093193,"FRESNO YOSEMITE INTERNATIONAL, CA US",,,34.243,-116.917,San Bernardino,36.78,-119.7194,101.5,2018,0,0,246,111
USC00049026,"TRINITY RIVER HATCHERY, CA US",,,34.8536,-116.7858,San Bernardino,40.7263,-122.7947,567.2,2018,,,,
USC00047643,"SAINT HELENA, CA US",,,34.1942,-116.9131,San Bernardino,38.5066,-122.4713,68.6,2018,0,0,240,65
USW00023275,"UKIAH MUNICIPAL AIRPORT, CA US",,,34.2828,-116.3751,San Bernardino,39.12583,-123.20083,183.2,2018,0,0,219,80
USC00047109,"POTTER VALLEY POWERHOUSE, CA US",,,34.3591,-116.5378,San Bernardino,39.3619,-123.1286,310.3,2018,0,0,218,86
USR0000CWIL,"WILEY RIDGE CALIFORNIA, CA US",,,34.3906,-116.5169,San Bernardino,34.3717,-118.8408,501.4,2018,,,,
USC00046940,"PIRU 2 ESE, CA US",,,34.6344,-117.5503,San Bernardino,34.4061,-118.7569,217,2018,,,,
USW00023190,"SANTA BARBARA MUNICIPAL AIRPORT, CA US",,,34.1472,-115.1219,San Bernardino,34.4258,-119.8425,2.7,2018,0,0,205,1
US1CARV0036,"SUNNYSLOPE 1.6 W, CA US",,,34.2468,-117.1713,San Bernardino,34.0158,-117.4498,288.3,2018,,,,
USW00023237,"STOCKTON METROPOLITAN AIRPORT, CA US",,,34.1223,-117.5977,San Bernardino,37.8891,-121.2258,7.9,2018,0,0,239,94
USC00048045,"SCOTIA, CA US",,,34.0867,-116.5618,San Bernardino,40.4833,-124.1038,41.5,2018,0,0,82,0
USC00044259,"INDIO FIRE STATION, CA US",,,35.7706,-115.9092,San Bernardino,33.7086,-116.2152,-6.4,2018,0,0,334,178
USS0019L45S,"CARSON PASS, CA US",,,34.1442,-117.381,San Bernardino,38.69,-119.99,2546,2018,1,36,56,0
US1CALA0010,"WHITTIER 2.9 WNW, CA US",,,34.4199,-117.2647,San Bernardino,33.9862,-118.0664,52.1,2018,,,,
US1CAYB0003,"MARYSVILLE 5.0 N, CA US",,,34.1294,-116.3879,San Bernardino,39.2241,-121.594,22.3,2018,,,,
USR0000CJUL,"JULIAN CALIFORNIA, CA US",,,35.37,-117.5683,San Bernardino,33.0758,-116.5908,1292.4,2018,0,0,171,24
USC00042574,"DUNSMUIR TREATMENT PLANT, CA US",,,34.3175,-117.5019,San Bernardino,41.1833,-122.2736,661.4,2018,0,0,181,56
USC00048014,"SAUGUS POWER PLANT 1, CA US",,,35.1542,-117.1756,San Bernardino,34.5894,-118.4547,636.7,2018,,,,
USC00049001,"TRACY PUMPING PLANT, CA US",,,34.7675,-114.6188,San Bernardino,37.79589,-121.58319,18.6,2018,0,0,233,88
USC00045151,"LOST HILLS, CA US",,,35.1231,-115.4114,San Bernardino,35.6181,-119.6892,87.8,2018,,,,
USR0000CVAL,"VALLEY CENTER CALIFORNIA, CA US",,,34.128,-116.0369,San Bernardino,33.2372,-117.0086,452,2018,0,0,277,57
USS0019L44S,"HORSE MEADOW, CA US",,,34.1471,-116.2747,San Bernardino,38.84,-119.89,2608.2,2018,1,34,65,0
US1CAED0027,"PLACERVILLE 6.6 ESE, CA US",,,34.2712,-116.9383,San Bernardino,38.6803,-120.691,788.5,2018,,,,
USC00042964,"FALL RIVER MILLS, CA US",,,34.0542,-117.0383,San Bernardino,41.008,-121.435,1005.8,2018,,,,
USW00024259,"MONTAGUE SISKIYOU AIRPORT, CA US",,,34.0973,-116.3178,San Bernardino,41.78139,-122.46806,808,2018,0,0,173,63
USW00024286,"CRESCENT CITY MCNAMARA AIRPORT, CA US",,,34.8927,-117.0219,San Bernardino,41.78028,-124.23667,17.1,2018,0,0,6,0
USR0000CLIN,"LINCOLN CALIFORNIA, CA US",,,34.1233,-116.4078,San Bernardino,38.8825,-121.2683,61,2018,0,0,229,97
USR0000CSAU,"SAUGUS CALIFORNIA, CA US",,,34.52918,-117.29288,San Bernardino,34.425,-118.525,442,2018,0,0,264,78
USC00046657,"PALOMAR MOUNTAIN OBSERVATORY, CA US",,,34.2661,-116.8989,San Bernardino,33.378,-116.84,1691.6,2018,0,1,152,13
USC00044484,"KELSEY 1 N, CA US",,,34.037,-117.1948,San Bernardino,38.8088,-120.8208,609.6,2018,,,,
US1CASJ0011,"STOCKTON 2.5 NE, CA US",,,34.0836,-117.0347,San Bernardino,38.0011,-121.3665,0.3,2018,,,,
USC00040379,"AUBERRY 2 NW, CA US",,,34.4206,-117.2661,San Bernardino,37.0919,-119.5128,637,2018,0,0,206,89
USC00046719,"PASADENA, CA US",,,34.0864,-116.5622,San Bernardino,34.1483,-118.1447,263.3,2018,0,0,291,74
US1CASD0146,"DEL MAR 0.5 NNW, CA US",,,34.3194,-117.0131,San Bernardino,32.9725,-117.265,2.7,2018,,,,
USW00003167,"HAWTHORNE MUNICIPAL AIRPORT, CA US",,,34.2103,-116.6339,San Bernardino,33.92278,-118.33417,19.2,2018,0,0,243,8
USC00042090,"COVINA CITY YARD FC387B, CA US",,,34.05611,-117.60028,San Bernardino,34.0918,-117.88012,185,2018,,,,
,,,,34.5591,-115.7441,San Bernardino,,,,,,,,
,,,,34.2903,-114.1708,San Bernardino,,,,,,,,
,,,,34.2339,-117.4803,San Bernardino,,,,,,,,
USC00049053,"TULELAKE, CA US",,,33.3933,-116.795,San Diego,41.96,-121.4744,1229.9,2018,0,3,153,25
US1CASN0098,"CAZADERO 5.6 W, CA US",,,32.56667,-117.11667,San Diego,38.5319,-123.1886,369.1,2018,,,,
US1CASJ0001,"LINDEN 5.8 ENE, CA US",,,32.56667,-117.11667,San Diego,38.0627,-121.0079,44.5,2018,,,,
US1CASR0052,"LUCERNE VALLEY 2.7 SSE, CA US",,,32.57222,-116.97944,San Diego,34.4067,-116.9486,1032.4,2018,,,,
US1CABT0033,"PALERMO 2.7 SE, CA US",,,32.57222,-116.97944,San Diego,39.4064,-121.5,84.1,2018,,,,
USR0000CAPT,"ALDER POINT CALIFORNIA, CA US",,,32.9491,-117.0588,San Diego,40.1867,-123.5903,281.3,2018,0,0,180,47
USR0000CCON,"CONVERSE CALIFORNIA, CA US",,,33.0375,-116.91583,San Diego,34.1942,-116.9131,1712.4,2018,0,1,170,10
USC00049111,"TWITCHELL DAM, CA US",,,33.1472,-117.1316,San Diego,34.988,-120.3211,177.4,2018,0,,,
USC00047741,"SAN DIEGO SEAWORLD, CA US",,,32.8651,-116.6175,San Diego,32.76536,-117.2315,4.3,2018,,,,
USR0000CCLV,"CALAVERAS ROAD CALIFORNIA, CA US",,,33.1552,-116.1688,San Diego,37.5531,-121.8439,374.9,2018,0,0,166,15
USW00023257,"MERCED MUNICIPAL AIRPORT, CA US",,,32.7698,-116.9788,San Diego,37.28472,-120.51278,46.3,2018,0,0,230,94
US1CACC0028,"EL CERRITO 1.3 NW, CA US",,,32.76536,-117.2315,San Diego,37.9363,-122.3157,78.6,2018,,,,
USR0000CMEN,"MENDOCINO PASS CALIFORNIA, CA US",,,32.7358,-117.0483,San Diego,39.8075,-122.945,1652,2018,0,12,118,1
USW00023188,"SAN DIEGO INTERNATIONAL AIRPORT, CA US",,,32.64,-117.0858,San Diego,32.7336,-117.1831,4.6,2018,0,0,229,3
US1CASD0009,"EL CAJON 1.5WSW, CA US",,,32.7336,-117.1831,San Diego,32.7907,-116.987,221.6,2018,,,,
USR0000CFIS,"FISH CREEK MOUNTAIN CALIFORNIA, CA US",,,32.7907,-116.987,San Diego,32.9903,-116.0669,231.6,2018,0,0,316,172
USR0000CSVA,"SPRING VALLEY CALIFORNIA, CA US",,,33.1311,-117.1081,San Diego,37.5625,-122.4364,327.7,2018,0,0,95,0
US1CAMD0021,"ALBION 4.0 SE, CA US",,,32.81583,-117.13944,San Diego,39.1878,-123.7096,193.9,2018,,,,
USR0000CBAT,"BATTERSON CALIFORNIA, CA US",,,33.0216,-117.0813,San Diego,37.2319,-119.5083,963.2,2018,0,0,213,82
USC00047339,"REDWOOD CITY, CA US",,,33.2354,-117.2322,San Diego,37.4767,-122.2386,9.4,2018,0,0,198,10
USR0000CTIM,"TIMBER MOUNTAIN CALIFORNIA, CA US",,,32.7698,-116.9593,San Diego,41.6294,-121.2981,1511.8,2018,0,19,127,24
USR0000CLOP,"LOS PRIETOS CALIFORNIA, CA US",,,33.2559,-116.4036,San Diego,34.5358,-119.7833,310.9,2018,0,0,280,97
USC00049226,"VALLEY CENTER 1 N, CA US",,,33.1934,-116.2786,San Diego,33.22157,-117.03817,393.2,2018,0,0,299,90
US1CAPC0035,"ROCKLIN 2.5 W, CA US",,,33.22157,-117.03817,San Diego,38.8088,-121.286,39.6,2018,,,,
US1CAHM0026,"BRIDGEVILLE 5.2 ENE, CA US",,,32.8536,-116.8947,San Diego,40.4734,-123.7013,815.3,2018,,,,
US1CASD0025,"PAUMA VALLEY 1.7 SE, CA US",,,33.4392,-117.1904,San Diego,33.2905,-116.9568,345,2018,,,,
US1CAMT0006,"CASTROVILLE 1.6 ENE, CA US",,,33.2905,-116.9568,San Diego,36.7764,-121.7284,5.5,2018,,,,
US1CAMT0003,"LOCKWOOD 3.6 NW, CA US",,,33.1852,-117.1282,San Diego,35.9808,-121.1174,360,2018,,,,
USC00047933,"SANTA MARGARITA BOOST, CA US",,,32.8358,-116.7774,San Diego,35.3741,-120.6375,349.9,2018,,,,
USW00093225,"SACRAMENTO METROPOLITAN AIRPORT, CA US",,,33.21944,-117.34944,San Diego,38.69556,-121.58972,7,2018,0,0,223,81
USW00023234,"SAN FRANCISCO INTERNATIONAL AIRPORT, CA US",,,33.0757,-117.292,San Diego,37.6197,-122.3647,2.4,2018,,,,
USC00041967,"CONCORD WASTEWATER PLANT, CA US",,,32.6058,-116.6089,San Diego,37.9833,-122.0692,12.2,2018,0,0,224,57
USR0000CSQS,"SQUAW SPRINGS CALIFORNIA, CA US",,,32.6058,-116.6089,San Diego,35.37,-117.5683,1103.4,2018,0,0,219,99
USS0019L42S,"SUMMIT MEADOW, CA US",,,33.0164,-116.6339,San Diego,38.4,-119.54,2838.6,2018,2,42,37,0
US1CATH0012,"COTTONWOOD 9.1 SW, CA US",,,33.0758,-116.5908,San Diego,40.2821,-122.3784,194.8,2018,,,,
USR0000CCSH,"CASHMAN CALIFORNIA, CA US",,,32.9083,-116.6227,San Diego,40.0017,-120.915,1377.7,2018,0,1,171,61
US1CATL0011,"THREE RIVERS 1.7 NE, CA US",,,32.7465,-117.1098,San Diego,36.4584,-118.8858,307.8,2018,,,,
USR0000CCOR,"CORRALITOS CALIFORNIA, CA US",,,32.8336,-116.7392,San Diego,36.9911,-121.7978,137.2,2018,0,0,221,13
US1CASR0036,"FAWNSKIN 0.3 NE, CA US",,,33.2372,-116.7614,San Diego,34.2712,-116.9383,2142.7,2018,,,,
US1CAHM0009,"MCKINLEYVILLE 2.3 NE, CA US",,,33.0507,-116.8278,San Diego,40.9778,-124.086,82.3,2018,,,,
USC00047681,"SALSIPUEDES GAGING STATION, CA US",,,33.121,-117.09,San Diego,34.5686,-120.4083,80.5,2018,,,,
USR0000CGOO,"GOOSE VALLEY CALIFORNIA, CA US",,,33.2372,-117.0086,San Diego,33.0736,-116.8458,466.3,2018,0,0,260,42
USW00004222,"REDDING 12 WNW, CA US",,,33.0158,-116.8068,San Diego,40.6507,-122.6068,432.2,2018,,,,
USR0000CSUF,"SUGARLOAF SHF CALIFORNIA, CA US",,,32.8672,-116.4194,San Diego,40.9167,-122.4383,1280.2,2018,0,0,178,53
US1CAKN0022,"BAKERSFIELD 6.1 WSW, CA US",,,33.0736,-116.8458,San Diego,35.3311,-119.1078,112.8,2018,,,,
USC00046154,"NEW CUYAMA FIRE STATION, CA US",,,33.2222,-116.4975,San Diego,34.9455,-119.6827,658.4,2018,0,0,258,101
USC00042805,"ELSINORE, CA US",,,33.0763,-116.5925,San Diego,33.686,-117.3458,386.5,2018,,,,
USC00049452,"WASCO, CA US",,,32.9897,-116.5872,San Diego,35.5892,-119.352,88.7,2018,0,0,251,116
USC00043251,"FRESNO 3 NW, CA US",,,33.0361,-117.0457,San Diego,36.90883,-119.80069,115.8,2018,,,,
USW00093134,"LOS ANGELES DOWNTOWN USC, CA US",,,32.8428,-117.2208,San Diego,34.0236,-118.2911,54.6,2018,0,0,282,25
USR0000CWOL,"WOLVERTON CALIFORNIA, CA US",,,33.0184,-117.0666,San Diego,36.445,-118.7033,1597.2,2018,0,2,183,47
USR0000CBEU,"BEAUMONT CALIFORNIA, CA US",,,32.685,-116.9736,San Diego,33.9306,-116.95,793.7,2018,0,0,246,90
US1CASN0063,"WINDSOR 0.6 NNE, CA US",,,32.8257,-117.2501,San Diego,38.5534,-122.7929,47.9,2018,,,,
USC00042941,"FAIRMONT, CA US",,,32.9956,-117.0044,San Diego,34.705,-118.4297,932.7,2018,0,0,220,82
USR0000CLAR,"LAURAL MOUNTAIN CALIFORNIA, CA US",,,32.6381,-116.9753,San Diego,35.4783,-117.6989,1338.1,2018,0,0,203,84
USR0000CLAG,"MOUNT LAGUNA CALIFORNIA, CA US",,,32.6381,-116.9753,San Diego,32.8797,-116.4203,1755.6,2018,0,1,164,14
USR0000CWAL,"WALKER PASS CALIFORNIA, CA US",,,33.27,-117.2663,San Diego,35.6647,-118.0569,1698.3,2018,0,0,181,75
US1CAMT0041,"MARINA 0.8 SSE, CA US",,,33.01953,-117.03096,San Diego,36.6732,-121.7836,41.5,2018,,,,
USR0000CPOV,"POVERTY CALIFORNIA, CA US",,,32.8797,-116.4203,San Diego,37.4431,-121.7706,629.7,2018,0,0,168,11
USW00093184,"SANTA ANA JOHN WAYNE AIRPORT, CA US",,,33.3108,-117.0409,San Diego,33.68,-117.86639,16.5,2018,0,0,259,11
US1CASS0001,"KNIGHTS FERRY 5.2 WSW, CA US",,,33.445,-117.4181,San Diego,37.7892,-120.7518,43.9,2018,,,,
USR0000CLTU,"LITTLE TUJUNGA CALIFORNIA, CA US",,,32.7348,-117.2447,San Diego,34.2936,-118.3608,423.7,2018,0,0,265,50
USW00093112,"NORTH ISLAND NAS, CA US",,,33.378,-116.84,San Diego,32.7,-117.2,7.9,2018,0,0,205,1
USR0000CLKL,"LOWER KLAMATH CALIFORNIA, CA US",,,33.12806,-117.27944,San Diego,41.9992,-121.7003,1249.1,2018,0,4,142,25
USC00044957,"LINDSAY, CA US",,,33.0794,-117.2419,San Diego,36.2032,-119.0545,132.6,2018,0,0,244,108
USC00042713,"EL CENTRO 2 SSW, CA US",,,32.7,-117.2,San Diego,32.7669,-115.5617,-9.1,2018,,,,
US1CACC0011,"MARTINEZ 2.2 SW, CA US",,,32.8856,-116.8149,San Diego,37.9744,-122.1384,210.9,2018,,,,
USW00023233,"SALINAS AIRPORT, CA US",,,33.1474,-117.0656,San Diego,36.6636,-121.6081,22.6,2018,0,0,149,0
USR0000COCR,"OAK CREEK CALIFORNIA, CA US",,,33.0261,-117.0466,San Diego,36.8425,-118.2594,1479.8,2018,0,0,195,77
USC00043882,"HEARST CASTLE, CA US",,,32.6263,-116.4699,San Diego,35.6841,-121.1683,465.1,2018,0,0,173,17
USC00048218,"SIERRAVILLE RANGER STATION, CA US",,,32.6263,-116.4699,San Diego,39.5833,-120.3705,1516.4,2018,,,,
USR0000CWPK,"WHITAKER PEAK CALIFORNIA, CA US",,,32.8005,-116.928,San Diego,34.5686,-118.7403,1255.8,2018,0,0,184,31
USR0000CTE2,"TEMESCAL LPF CALIFORNIA, CA US",,,33.1658,-117.3307,San Diego,34.4806,-118.7556,347.5,2018,0,0,278,81
US1CABT0005,"OROVILLE 4.8 E, CA US",,,32.7214,-116.4631,San Diego,39.4932,-121.477,203.6,2018,,,,
USR0000CWAR,"WARM SPRINGS CALIFORNIA, CA US",,,32.9725,-117.265,San Diego,34.5958,-118.5786,1502.7,2018,0,0,200,58
USC00049866,"YREKA, CA US",,,32.6261,-116.4681,San Diego,41.7036,-122.6408,800.1,2018,0,0,174,73
USR0000CBAR,"BARNABY CALIFORNIA, CA US",,,32.6261,-116.4681,San Diego,38.0281,-122.7022,378,2018,0,0,159,7
US1CATH0037,"RED BLUFF 5.7 W, CA US",,,32.8569,-116.6222,San Diego,40.1611,-122.3461,149.4,2018,,,,
,,,,32.8257,-117.1993,San Diego,,,,,,,,
,,,,32.8168,-117.0586,San Diego,,,,,,,,
US1CAFR0002,"CLOVIS 2.9 N, CA US",,,37.728,-122.5052,San Francisco,36.8611,-119.6931,116.4,2018,,,,
USR0000CJOH,"JOHNSONDALE CALIFORNIA, CA US",,,37.7705,-122.4269,San Francisco,35.9717,-118.545,1432.6,2018,0,1,186,49
US1CAHM0001,"ARCATA 1.1 NE, CA US",,,37.765,-122.4348,San Francisco,40.8809,-124.0692,128,2018,,,,
USS0019L07S,"SONORA PASS, CA US",,,38.0627,-121.0079,San Joaquin,38.31,-119.6,2690.5,2018,2,39,66,0
US1CASR0029,"RIALTO 2.1 N, CA US",,,37.8891,-121.2258,San Joaquin,34.1442,-117.381,451.7,2018,,,,
US1CASD0060,"SAN DIEGO 9.5 NNW, CA US",,,38.2177,-121.2013,San Joaquin,32.8428,-117.2208,86.6,2018,,,,
US1CASC0015,"SARATOGA 0.5 N, CA US",,,38.0011,-121.3665,San Joaquin,37.2748,-122.0227,113.7,2018,,,,
US1CALA0001,"GLENDALE 2.4 WSW, CA US",,,35.6277,-120.6855,San Luis Obispo,34.1689,-118.2947,155.8,2018,,,,
US1CAST0006,"HOLLISTER 0.3 WSW, CA US",,,34.988,-120.3211,San Luis Obispo,36.8544,-121.4035,99.4,2018,,,,
USC00041948,"COLUSA 2 SSW, CA US",,,35.367,-120.8447,San Luis Obispo,39.1875,-122.0269,15.2,2018,,,,
USC00044297,"IRON MOUNTAIN, CA US",,,35.3056,-120.6619,San Luis Obispo,34.1472,-115.1219,281,2018,,,,
US1CAMC0004,"ALTURAS 9.5 E, CA US",,,35.6564,-120.9242,San Luis Obispo,41.5135,-120.3648,1626.4,2018,,,,
USW00023272,"SAN FRANCISCO DOWNTOWN, CA US",,,35.1792,-120.3919,San Luis Obispo,37.7705,-122.4269,45.7,2018,0,0,58,0
USR0000CPRD,"PANOCHE ROAD CALIFORNIA, CA US",,,35.3741,-120.6375,San Luis Obispo,36.7269,-120.7658,619.4,2018,0,0,201,63
USW00023158,"BLYTHE ASOS, CA US",,,35.0964,-119.7728,San Luis Obispo,33.6186,-114.7142,120.4,2018,,,,
US1CASD0004,"OCEANSIDE 8.4NE, CA US",,,35.3372,-120.5038,San Luis Obispo,33.27,-117.2663,76.8,2018,,,,
USR0000CPAT,"PATTY MOCUS CALIFORNIA, CA US",,,35.6697,-120.6283,San Luis Obispo,40.295,-122.8667,1066.8,2018,0,1,184,57
USR0000CBUU,"BUTTERCUP CALIFORNIA, CA US",,,35.23722,-120.64139,San Luis Obispo,32.7397,-114.8839,66.1,2018,0,0,343,188
USR0000CCRT,"CRANSTON CALIFORNIA, CA US",,,35.6841,-121.1683,San Luis Obispo,33.7403,-116.8414,594.4,2018,0,0,282,113
USR0000CSTO,"STONYFORD CALIFORNIA, CA US",,,35.3811,-120.1875,San Luis Obispo,39.3669,-122.575,365.8,2018,0,0,230,92
USS0019L08S,"LEAVITT MEADOWS, CA US",,,35.1889,-120.0833,San Luis Obispo,38.3,-119.55,2194,2018,6,12,105,0
USR0000CFIV,"FIVE MILE CALIFORNIA, CA US",,,37.5625,-122.4364,San Mateo,35.8717,-117.9183,1264.9,2018,0,0,225,109
US1CALA0003,"TORRANCE 2.8 SW, CA US",,,37.4767,-122.2386,San Mateo,33.7902,-118.3369,61,2018,,,,
USR0000CMOR,"MORMON ROCK CALIFORNIA, CA US",,,37.5684,-122.3012,San Mateo,34.3175,-117.5019,1005.8,2018,0,0,188,34
USR0000CLHO,"LOST HORSE CALIFORNIA, CA US",,,37.5185,-122.3432,San Mateo,34.0178,-116.1878,1280.2,2018,0,0,214,74
US1CASS0006,"MODESTO 4.1 NW, CA US",,,37.3053,-122.255,San Mateo,37.6931,-121.0565,23.8,2018,,,,
USC00041990,"COPCO NUMBER 1 DAM, CA US",,,37.4725,-122.4433,San Mateo,41.9797,-122.3378,823.9,2018,,,,
USC00047306,"REDLANDS, CA US",,,37.4777,-122.4454,San Mateo,34.037,-117.1948,429.8,2018,,,,
USC00040931,"BOCA, CA US",,,37.5488,-122.2587,San Mateo,39.3886,-120.0936,1699.3,2018,7,8,150,36
USR0000CTRA,"LAS TRAMPAS CALIFORNIA, CA US",,,37.463,-122.4408,San Mateo,37.8339,-122.0669,536.4,2018,0,0,164,33
USR0000CBUR,"BURNS CANYON CALIFORNIA, CA US",,,37.475,-122.2981,San Mateo,34.2103,-116.6339,1828.8,2018,0,2,159,15
USC00046635,"PALM SPRINGS, CA US",,,37.6121,-122.4825,San Mateo,33.8275,-116.5097,129.5,2018,,,,
USR0000CBNL,"BEN LOMOND CALIFORNIA, CA US",,,34.988,-120.3211,Santa Barbara,37.1317,-122.17,801.6,2018,0,0,167,18
USR0000CCHB,"CHEESEBORO CALIFORNIA, CA US",,,34.4397,-119.8961,Santa Barbara,34.1847,-118.7172,502.9,2018,0,0,260,80
USR0000COWV,"OWENS VALLEY CALIFORNIA, CA US",,,34.6538,-120.4513,Santa Barbara,37.39,-118.5506,1414.3,2018,0,0,222,99
USW00053150,"YOSEMITE VILLAGE 12 W, CA US",,,34.5358,-119.7833,Santa Barbara,37.7592,-119.8208,2017.8,2018,,,,
US1CASR0022,"MORONGO VALLEY 2.3 NE, CA US",,,34.4258,-119.8425,Santa Barbara,34.0867,-116.5618,960.7,2018,,,,
USW00053121,"OCEANSIDE MUNICIPAL AIRPORT, CA US",,,34.7586,-120.4861,Santa Barbara,33.21944,-117.34944,8.5,2018,0,0,238,4
USS0019L17S,"LOBDELL LAKE, CA US",,,34.4141,-119.8796,Santa Barbara,38.44,-119.37,2814.2,2018,5,39,62,0
USC00040444,"BAKERSFIELD 5 NW, CA US",,,33.9958,-119.7222,Santa Barbara,35.4186,-119.0508,143.3,2018,0,0,255,104
US1CALA0023,"DIAMOND BAR 1.9 NNE, CA US",,,34.6166,-120.1988,Santa Barbara,34.0232,-117.7965,285,2018,,,,
USS0020L02S,"RUBICON NUMBER 2, CA US",,,34.5822,-119.9817,Santa Barbara,39,-120.13,2343.6,2018,0,35,79,0
US1CAHM0060,"TRINIDAD 0.2 NE, CA US",,,34.4526,-119.7995,Santa Barbara,41.0593,-124.1398,54.9,2018,,,,
USC00046624,"PALMDALE, CA US",,,34.5686,-120.4083,Santa Barbara,34.5883,-118.0938,796.1,2018,,,,
USW00023277,"WATSONVILLE MUNICIPAL AIRPORT, CA US",,,34.9455,-119.6827,Santa Barbara,36.9358,-121.7886,48.8,2018,0,0,160,1
USR0000CBKD,"BLACK DIAMOND CALIFORNIA, CA US",,,34.4167,-119.6844,Santa Barbara,37.95,-121.8844,487.7,2018,0,,,
USR0000CACT,"ACTON CALIFORNIA, CA US",,,34.8994,-120.4486,Santa Barbara,34.4458,-118.2,792.5,2018,0,0,233,103
USR0000CIND,"INDIAN WELL CALIFORNIA, CA US",,,34.7331,-120.0067,Santa Barbara,41.7417,-121.5383,1453.9,2018,0,4,138,23
USR0000CSHH,"SCHOOL HOUSE CALIFORNIA, CA US",,,34.5225,-119.6822,Santa Barbara,41.1383,-123.9056,804.7,2018,0,0,78,1
,,,,33.9778,-120.0778,Santa Barbara,,,,,,,,
USS0020K05S,"INDEPENDENCE LAKE, CA US",,,37.3591,-121.924,Santa Clara,39.43,-120.31,2545.7,2018,0,44,63,0
USW00003144,"IMPERIAL CO AIRPORT, CA US",,,37.3581,-122.1472,Santa Clara,32.83417,-115.57861,-17.7,2018,0,0,333,185
USR0000CCOH,"COHASSET CALIFORNIA, CA US",,,37.4058,-122.0481,Santa Clara,39.8717,-121.7689,528.2,2018,0,0,216,79
USC00044303,"IRVINE RANCH, CA US",,,37.3436,-121.6425,Santa Clara,33.72,-117.723,164.6,2018,0,0,302,60
US1CAOR0053,"LAGUNA HILLS 1.8 E, CA US",,,37.3647,-122.0042,Santa Clara,33.5978,-117.6795,136.6,2018,,,,
USC00040983,"BORREGO DESERT PARK, CA US",,,37.3185,-121.9608,Santa Clara,33.2559,-116.4036,246.9,2018,0,0,321,178
US1CAED0011,"POLLOCK PINES 0.5 NW, CA US",,,37.1725,-121.703,Santa Clara,38.757,-120.5775,1187.2,2018,,,,
US1CASN0049,"SEBASTOPOL 1.1 SSE, CA US",,,37.2341,-121.8974,Santa Clara,38.3842,-122.8191,51.2,2018,,,,
USC00043824,"HAT CREEK, CA US",,,37.4431,-121.7706,Santa Clara,40.9316,-121.5433,919,2018,,,,
USR0000CPIE,"PIERCE CALIFORNIA, CA US",,,37.156,-121.9875,Santa Clara,40.2461,-120.6422,1737.4,2018,0,18,113,3
USR0000CELC,"EL CARISO CALIFORNIA, CA US",,,37.2748,-122.0227,Santa Clara,33.6472,-117.4111,926,2018,0,0,256,88
USR0000CHER,"HERNANDEZ CALIFORNIA, CA US",,,37.2028,-121.9428,Santa Clara,36.3825,-120.8558,1137.8,2018,0,0,187,38
USC00049473,"WATSONVILLE WATERWORKS, CA US",,,36.9308,-121.7691,Santa Cruz,36.9308,-121.7691,29,2018,0,0,163,0
USC00044211,"IDYLLWILD FIRE DEPARTMENT, CA US",,,37.1317,-122.17,Santa Cruz,33.7572,-116.7066,1639.8,2018,0,0,168,27
USR0000CELM,"EL MIRAGE CALIFORNIA, CA US",,,37.0855,-122.0797,Santa Cruz,34.6344,-117.5503,877.8,2018,0,0,246,122
USR0000CMID,"MID HILLS CALIFORNIA, CA US",,,37.1811,-122.0911,Santa Cruz,35.1231,-115.4114,1649.9,2018,0,1,165,25
US1CASF0004,"SAN FRANCISCO 1.1 SW, CA US",,,37.0022,-121.9363,Santa Cruz,37.765,-122.4348,59.1,2018,,,,
US1CAPC0021,"ROSEVILLE 2.4 SE, CA US",,,36.9911,-121.7978,Santa Cruz,38.7399,-121.2575,47.5,2018,,,,
USR0000CARR,"ARROYO SECO MT. DIABLO CALIF, CA US",,,36.9358,-121.7886,Santa Cruz,36.23,-121.4917,298.7,2018,0,0,259,86
US1CAFR0026,"FRESNO 7.2 NNE, CA US",,,37.156,-121.9875,Santa Cruz,36.8768,-119.7435,117.7,2018,,,,
US1CASD0052,"POWAY 4.7NNW, CA US",,,36.98785,-121.99952,Santa Cruz,33.0261,-117.0466,225.2,2018,,,,
USC00049035,"TRONA, CA US",,,40.4319,-121.9958,Shasta,35.7636,-117.3908,516.6,2018,0,0,256,150
USR0000CHOL,"HORSE LAKE CALIFORNIA, CA US",,,40.9869,-121.9772,Shasta,40.6306,-120.5028,1554.5,2018,0,14,132,32
US1CAKN0013,"ONYX 2.8 ENE, CA US",,,40.5446,-122.1734,Shasta,35.7022,-118.1739,926.3,2018,,,,
USR0000CASC,"ASH CREEK CALIFORNIA, CA US",,,40.6235,-122.3536,Shasta,41.2769,-121.9794,975.4,2018,0,0,170,42
USS0020H12S,"DISMAL SWAMP, CA US",,,41.075,-122.3733,Shasta,41.99,-120.18,2243.3,2018,4,47,58,0
USC00046663,"PALOS VERDES ES FC43D, CA US",,,40.5181,-122.3692,Shasta,33.7997,-118.391,67.1,2018,,,,
USC00049040,"TRUCKEE TAHOE AIRPORT, CA US",,,40.6721,-122.2913,Shasta,39.318,-120.145,1798.3,2018,11,13,134,30
USR0000CROU,"ROUND MOUNTAIN, CA US",,,40.6194,-121.8994,Shasta,41.4272,-121.4639,1602.6,2018,0,15,126,21
USC00049699,"WILLOWS 6 W, CA US",,,40.54,-121.5803,Shasta,39.52316,-122.3048,71.3,2018,0,0,237,98
USR0000CBVR,"BEAVER CAMP LOC CALIFORNIA, CA US",,,41.0064,-121.9833,Shasta,38.4883,-120.325,1524,2018,0,3,196,56
USC00047767,"SAN FRANCISCO OCEANSIDE, CA US",,,40.4988,-121.8433,Shasta,37.728,-122.5052,2.4,2018,,,,
USR0000CPKR,"PARK RIDGE CALIFORNIA, CA US",,,40.9258,-121.5856,Shasta,36.7242,-118.9425,2298.2,2018,0,20,95,0
US1CABT0026,"GRIDLEY 3.3 SE, CA US",,,40.5175,-122.2986,Shasta,39.3348,-121.6458,28,2018,,,,
USR0000CCLK,"CLARK CALIFORNIA, CA US",,,41.1833,-122.2736,Shasta,33.8767,-117.3089,524.3,2018,0,0,285,87
USW00003122,"TORRANCE AIRPORT, CA US",,,41.008,-121.435,Shasta,33.8016,-118.3419,27.4,2018,,0,241,7
US1CASC0011,"CAMBRIAN PARK 2.2 SE, CA US",,,40.6507,-122.6068,Shasta,37.2341,-121.8974,76.8,2018,,,,
USR0000CFRI,"FRIEND MOUNTAIN CALIFORNIA, CA US",,,40.9167,-122.4383,Shasta,40.505,-123.3417,1219.2,2018,0,3,149,39
USC00049582,"WEST POINT, CA US",,,40.9316,-121.5433,Shasta,38.3775,-120.5452,845.8,2018,,,,
US1CAMA0002,"RAYMOND 6.8 NE, CA US",,,40.3983,-122.8333,Shasta,37.2717,-119.802,549.2,2018,,,,
US1CASN0070,"GLEN ELLEN 1.9 WNW, CA US",,,40.5158,-122.2906,Shasta,38.3651,-122.5718,291.4,2018,,,,
USC00042706,"EL CAJON, CA US",,,40.5239,-121.7957,Shasta,32.8005,-116.928,150.9,2018,0,0,293,48
USC00045360,"MARKLEY COVE, CA US",,,40.8669,-121.8463,Shasta,38.4916,-122.1241,146.3,2018,0,0,223,91
US1CASN0071,"ROHNERT PARK 0.9 SW, CA US",,,40.4,-122.1433,Shasta,38.3392,-122.7113,29.3,2018,,,,
USR0000CSRI,"SANTA ROSA ISLAND CALIFORNIA, CA US",,,40.7141,-122.4161,Shasta,33.9778,-120.0778,395.6,2018,0,0,114,4
USR0000CMAN,"MANZANITA LAKE CALIFORNIA, CA US",,,39.45,-120.29,Sierra,40.54,-121.5803,1725.2,2018,0,13,114,0
USR0000CFOU,"FOUNTAIN SPRINGS CALIFORNIA, CA US",,,39.49,-120.28,Sierra,35.8922,-118.915,64,2018,0,0,256,109
US1CASN0080,"GLEN ELLEN 1.5 N, CA US",,,39.5633,-120.8238,Sierra,38.3778,-122.5343,102.7,2018,,,,
USR0000CQUA,"QUARTZ HILL CALIFORNIA, CA US",,,39.5214,-120.0269,Sierra,41.5992,-122.9336,1287.8,2018,0,2,161,46
USC00042709,"EL CAPITAN DAM, CA US",,,39.4833,-120.075,Sierra,32.8856,-116.8149,182.9,2018,,,,
USR0000COAK,"OAK KNOLL CALIFORNIA, CA US",,,39.5619,-120.0478,Sierra,41.8386,-122.85,591.3,2018,0,0,191,89
US1CAVT0001,"THOUSAND OAKS 2.1 WSW, CA US",,,39.5833,-120.3705,Sierra,34.1772,-118.8984,210.9,2018,,,,
USR0000CALD,"ALDER SPRINGS CALIFORNIA, CA US",,,41.8586,-123.3525,Siskiyou,39.6514,-122.7236,1310.6,2018,0,2,155,22
USW00003166,"FULLERTON MUNICIPAL AIRPORT, CA US",,,41.96,-121.4744,Siskiyou,33.87194,-117.97889,29.3,2018,0,0,295,45
USR0000CELI,"MOUNT ELIZABETH CALIFORNIA, CA US",,,41.2769,-121.9794,Siskiyou,38.0631,-120.2469,1503.6,2018,0,4,162,36
USC00045915,"MOUNT DIABLO JUNCTION, CA US",,,41.3325,-122.33278,Siskiyou,37.8792,-121.9303,661.4,2018,0,0,161,13
USR0000CGSP,"GREEN SPRING CALIFORNIA, CA US",,,41.4272,-121.4639,Siskiyou,37.8331,-120.5,310.9,2018,0,0,220,83
USW00023182,"PALMDALE AIRPORT, CA US",,,41.4789,-122.4539,Siskiyou,34.62944,-118.08361,769.2,2018,0,0,247,119
USR0000CRDR,"READER RANCH CALIFORNIA, CA US",,,41.775,-122.9503,Siskiyou,39.3036,-121.1172,599.8,2018,0,0,227,91
US1CAYL0021,"DAVIS 6.3 W, CA US",,,41.6853,-122.5942,Siskiyou,38.5613,-121.8522,26.2,2018,,,,
USW00023110,"LEMOORE REEVES NAS, CA US",,,41.1833,-122.2736,Siskiyou,36.33333,-119.95,70.7,2018,,,,
US1CASD0027,"SAN DIEGO 3.5NE, CA US",,,41.7861,-122.0056,Siskiyou,32.7465,-117.1098,104.9,2018,,,,
USC00049099,"TWENTYNINE PALMS, CA US",,,41.2688,-123.3336,Siskiyou,34.128,-116.0369,602,2018,,,,
US1CASR0044,"YUCAIPA 1.5 NNE, CA US",,,41.2694,-123.1875,Siskiyou,34.0542,-117.0383,846.1,2018,,,,
US1CASD0053,"SAN DIEGO COUNTRY ESTATES 1.5, CA US",,,41.39,-123.4958,Siskiyou,33.0158,-116.8068,449.3,2018,,,,
USC00045968,"MOUNT LAGUNA NUMBER 3, CA US",,,41.6431,-121.7939,Siskiyou,32.8672,-116.4194,1804.4,2018,0,1,152,8
USR0000CCAA,"CAHUILLA CALIFORNIA, CA US",,,41.5992,-122.9336,Siskiyou,32.9736,-115.1736,84.7,2018,0,0,343,192
US1CAHM0038,"KNEELAND 0.4 NNW, CA US",,,41.78139,-122.46806,Siskiyou,40.7659,-123.9985,612,2018,,,,
USW00093110,"OXNARD VENTURA CO AIRPORT, CA US",,,41.9797,-122.3378,Siskiyou,34.20083,-119.20694,11,2018,,,,
USC00041149,"BUCKHORN, CA US",,,41.9992,-121.7003,Siskiyou,40.8669,-121.8463,1158.2,2018,,,,
USC00043134,"FORESTHILL RANGER STATION, CA US",,,41.3003,-123.1322,Siskiyou,39.01,-120.8455,919,2018,,,,
USR0000CBPI,"BIG PINE FLAT CALIFORNIA, CA US",,,41.3156,-122.3156,Siskiyou,34.3194,-117.0131,2091.2,2018,0,4,149,11
USR0000CCRR,"CARPENTER RIDGE CALIFORNIA, CA US",,,41.8386,-122.85,Siskiyou,40.0686,-121.5825,1466.7,2018,0,8,136,15
US1CAHM0073,"PETROLIA 0.6 SSE, CA US",,,41.9633,-121.923,Siskiyou,40.3172,-124.2816,28,2018,,,,
USW00003102,"ONTARIO INTERNATIONAL AIRPORT, CA US",,,41.3075,-122.7958,Siskiyou,34.05611,-117.60028,289.3,2018,0,0,286,96
,,,,41.7417,-121.5383,Siskiyou,,,,,,,,
,,,,41.7036,-122.6408,Siskiyou,,,,,,,,
US1CASR0026,"HESPERIA 3.9 SW, CA US",,,38.1,-122.1869,Solano,34.3725,-117.3404,1090.6,2018,,,,
USW00023258,"MODESTO CITY CO AIRPORT, CA US",,,38.2215,-122.143,Solano,37.6241,-120.9505,22.3,2018,0,0,234,92
USC00045064,"LOMPOC, CA US",,,38.5425,-121.721,Solano,34.6538,-120.4513,22.9,2018,0,0,219,3
USS0020K27S,"TAHOE CITY CROSS, CA US",,,38.5349,-121.7761,Solano,39.17,-120.15,2071.7,2018,0,10,94,0
USR0000CLAY,"LAYTONVILLE CALIFORNIA, CA US",,,38.3775,-121.9575,Solano,39.7022,-123.485,554.7,2018,0,0,216,67
USR0000CBEV,"BEVERLY HILLS CALIFORNIA, CA US",,,38.492,-122.0039,Solano,34.125,-118.4122,384,2018,0,0,297,73
USW00023152,"BURBANK GLENDALE PASADENA AIRPORT, CA US",,,38.2736,-122.0677,Solano,34.20056,-118.3575,225.9,2018,0,0,278,44
USR0000CSRS,"SANTA ROSA CALIFORNIA, CA US",,,38.4786,-122.7119,Sonoma,38.4786,-122.7119,175.6,2018,0,0,197,15
USW00093243,"MERCED 23 WSW, CA US",,,38.5319,-123.1886,Sonoma,37.2381,-120.8825,23.8,2018,0,0,228,90
US1CAMT0042,"CARMEL VALLEY VILLAGE 12.2 SE, CA US",,,38.4733,-122.8974,Sonoma,36.3539,-121.5766,940,2018,,,,
USC00049855,"YOSEMITE PARK HEADQUARTERS, CA US",,,38.2475,-122.8119,Sonoma,37.75027,-119.58972,1224.7,2018,,,,
USC00042294,"DAVIS 2 WSW EXPERIMENTAL FARM, CA US",,,38.7839,-122.9628,Sonoma,38.5349,-121.7761,18.3,2018,0,0,230,79
USR0000CDVA,"DEL VALLE CALIFORNIA, CA US",,,38.45579,-122.71335,Sonoma,34.4311,-118.6828,389.5,2018,0,0,274,93
USC00040136,"ALPINE, CA US",,,38.7817,-122.9169,Sonoma,32.8358,-116.7774,516.6,2018,0,0,272,57
US1CAKG0003,"LEMOORE 0.3 SW, CA US",,,38.515,-123.2447,Sonoma,36.295,-119.7914,68,2018,,,,
US1CAKG0001,"LEMOORE 0.9 ESE, CA US",,,38.3753,-122.9035,Sonoma,36.2932,-119.7718,68,2018,,,,
US1CAAL0012,"PLEASANTON 0.4 ESE, CA US",,,38.3778,-122.5343,Sonoma,37.6702,-121.8814,104.9,2018,,,,
USC00041738,"CHIRIACO SUMMIT, CA US",,,38.3653,-122.9738,Sonoma,33.6617,-115.7206,520,2018,,,,
US1CASD0101,"VALLEY CENTER 6.4N, CA US",,,38.3842,-122.8191,Sonoma,33.3108,-117.0409,413.6,2018,,,,
US1CALA0064,"LOS ANGELES 2.6 NW, CA US",,,38.464,-122.715,Sonoma,34.0809,-118.2729,123.4,2018,,,,
US1CACC0016,"CONCORD 0.8 WNW, CA US",,,38.5534,-122.7929,Sonoma,37.9783,-122.0134,37.8,2018,,,,
USR0000CSTA,"STAMPEDE CALIFORNIA, CA US",,,38.4305,-122.8647,Sonoma,39.4833,-120.075,2093.1,2018,1,17,126,17
USR0000CFEN,"FENCE MEADOW CALIFORNIA, CA US",,,38.4699,-122.7333,Sonoma,36.9614,-119.175,1538.6,2018,0,1,169,51
US1CASD0086,"CARLSBAD 1.3ENE, CA US",,,38.3651,-122.5718,Sonoma,33.1658,-117.3307,59.1,2018,,,,
USC00048135,"SHASTA DAM, CA US",,,38.2577,-122.6077,Sonoma,40.7141,-122.4161,327.7,2018,,,,
USR0000CBIP,"BIG PINES CALIFORNIA, CA US",,,38.3392,-122.7113,Sonoma,34.3789,-117.6919,2108.3,2018,0,8,138,0
USC00043402,"GIBRALTAR DAM NUMBER 2, CA US",,,38.5038,-122.8102,Sonoma,34.5225,-119.6822,474.9,2018,,,,
,,,,38.3208,-123.0747,Sonoma,,,,,,,,
USW00023225,"BLUE CANYON AIRPORT, CA US",,,37.6241,-120.9505,Stanislaus,39.2774,-120.7102,1608.1,2018,0,17,107,0
US1CARV0020,"NORCO 2.3 SE, CA US",,,37.6931,-121.0565,Stanislaus,33.9059,-117.5178,332.5,2018,,,,
USC00048702,"SUSANVILLE 2 SW, CA US",,,37.5005,-120.855,Stanislaus,40.4167,-120.6631,1283.8,2018,0,6,160,33
USC00045118,"LOS BANOS, CA US",,,37.7892,-120.7518,Stanislaus,37.0563,-120.8666,36.6,2018,,,,
USR0000CLGA,"LOS GATOS CALIFORNIA, CA US",,,37.3292,-121.2939,Stanislaus,37.2028,-121.9428,609.6,2018,0,0,196,30
US1CASD0012,"POWAY 3.2NE, CA US",,,38.9261,-121.5447,Sutter,32.9956,-117.0044,367.6,2018,,,,
USC00046675,"PANOCHE 2 W, CA US",,,39.9389,-122.1697,Tehama,36.6066,-120.8841,426.7,2018,,,,
US1CAOR0019,"MISSION VIEJO 1.3 SSE, CA US",,,40.1519,-122.2536,Tehama,33.5954,-117.6442,214.6,2018,,,,
USR0000CMEA,"MEANS LAKE CALIFORNIA, CA US",,,40.2145,-122.2429,Tehama,34.3906,-116.5169,883.9,2018,0,0,251,138
US1CAVT0016,"CAMARILLO 0.6 N, CA US",,,39.8075,-122.945,Tehama,34.2311,-119.0299,54.3,2018,,,,
US1CASH0051,"REDDING 3.8 S, CA US",,,39.9278,-122.6569,Tehama,40.5181,-122.3692,135.3,2018,,,,
US1CAOR0031,"ORANGE 3.0 ENE, CA US",,,40.3442,-121.7136,Tehama,33.8261,-117.7781,197.8,2018,,,,
US1CAED0017,"CAMINO 2.0 WSW, CA US",,,40.2821,-122.3784,Tehama,38.7338,-120.711,887,2018,,,,
USR0000CDOY,"DOYLE CALIFORNIA, CA US",,,40.295,-122.8667,Tehama,40.0222,-120.1056,1292.4,2018,0,2,171,64
USC00040144,"ALTADENA, CA US",,,40.4,-122.1433,Tehama,34.18211,-118.13827,343.5,2018,,,,
US1CAED0021,"EL DORADO HILLS 0.7 NNE, CA US",,,39.8644,-122.6097,Tehama,38.6954,-121.0745,216.1,2018,,,,
,,,,40.1611,-122.3461,Tehama,,,,,,,,
USR0000CBBR,"BIG BAR CALIFORNIA, CA US",,,40.7333,-123.2333,Trinity,40.7333,-123.2333,457.2,2018,0,0,208,98
USW00093138,"PALM SPRINGS ASOS, CA US",,,40.7263,-122.7947,Trinity,33.8222,-116.5043,124.7,2018,0,0,331,185
US1CAST0007,"HOLLISTER 5.6 NE, CA US",,,40.7864,-122.8045,Trinity,36.9219,-121.3402,117.3,2018,,,,
USC00045532,"MERCED, CA US",,,40.4633,-123.5239,Trinity,37.2888,-120.5158,46.9,2018,,,,
USR0000CRUS,"RUSH CREEK CALIFORNIA, CA US",,,40.3375,-123.0656,Trinity,41.2944,-120.8639,1463,2018,0,24,112,16
USR0000CVAN,"VAN BREMMER CALIFORNIA, CA US",,,40.2506,-123.3158,Trinity,41.6431,-121.7939,1502.1,2018,0,10,129,25
USR0000CPOP,"POPPY PARK CALIFORNIA, CA US",,,40.505,-123.3417,Trinity,34.7325,-118.3833,841.2,2018,0,0,233,103
US1CAMT0033,"SALINAS 3.2 NNW, CA US",,,40.55,-123.165,Trinity,36.7282,-121.6562,32,2018,,,,
USR0000CCAM,"CAMERON FIRE STATION CALIFORNI, CA US",,,40.7367,-122.9404,Trinity,32.7214,-116.4631,1049.4,2018,0,0,239,84
US1CACC0018,"WALNUT CREEK 1.4 SSE, CA US",,,41.1117,-122.6967,Trinity,37.8846,-122.0285,84.4,2018,,,,
USC00048587,"STONY GORGE RESERVOIR, CA US",,,36.4108,-118.8092,Tulare,39.5861,-122.5341,243.8,2018,0,0,232,94
USC00042214,"CULVER CITY, CA US",,,36.2314,-118.8689,Tulare,34.005,-118.4139,28,2018,0,0,240,5
US1CAMA0009,"LAKE MADERA 1.3 NNE, CA US",,,35.8889,-118.6333,Tulare,37.0367,-119.9842,109.4,2018,,,,
US1CAED0003,"PLACERVILLE 3.7 SW, CA US",,,35.9717,-118.545,Tulare,38.6953,-120.849,534.9,2018,,,,
USW00053139,"STOVEPIPE WELLS 1 SW, CA US",,,35.8922,-118.915,Tulare,36.602,-117.1449,25.6,2018,0,0,289,189
USC00046506,"ORLAND, CA US",,,36.7242,-118.9425,Tulare,39.7458,-122.1997,77.4,2018,0,0,231,88
USR0000CSAD,"SADDLEBACK BUTTE CALIFORNIA, CA US",,,36.0931,-118.2603,Tulare,34.6847,-117.8208,789.4,2018,0,0,251,126
USR0000CKET,"KETTLEMAN HILLS CALIFORNIA, CA US",,,36.6044,-118.7325,Tulare,36.0333,-120.0569,246.9,2018,0,0,228,97
USC00048122,"SHAFTER 6 E, CA US",,,36.4584,-118.8858,Tulare,35.4867,-119.1458,123.1,2018,0,0,252,104
US1CACC0001,"MARTINEZ 0.8 SSE, CA US",,,36.1753,-118.7017,Tulare,37.9898,-122.1085,76.8,2018,,,,
USC00049325,"VICTORVILLE, CA US",,,36.4914,-118.8253,Tulare,34.52918,-117.29288,877.8,2018,0,0,242,117
USW00093206,"SAN LUIS OBISPO MCCHESNEY FIELD, CA US",,,36.445,-118.7033,Tulare,35.23722,-120.64139,61,2018,0,0,236,15
USR0000CHAY,"HAYFORK CALIFORNIA, CA US",,,36.5672,-118.9556,Tulare,40.55,-123.165,708.1,2018,0,0,196,80
US1CAMR0037,"NOVATO 2.7 WNW, CA US",,,36.2032,-119.0545,Tulare,38.1104,-122.6,23.2,2018,,,,
USR0000CLDR,"LADDER BUTTE CALIFORNIA, CA US",,,35.8842,-118.0517,Tulare,40.8072,-121.2967,1752.6,2018,0,17,107,1
USR0000CCHU,"CHUCHUPATE CALIFORNIA, CA US",,,36.3817,-119.0264,Tulare,34.8083,-119.0125,1493.5,2018,0,2,178,41
USC00048353,"SONORA, CA US",,,37.9672,-120.3872,Tuolumne,37.9672,-120.3872,510.5,2018,0,0,210,72
USS0020H02S,"CROWDER FLAT, CA US",,,37.8444,-120.2258,Tuolumne,41.89,-120.75,1575.8,2018,1,7,110,2
USC00041758,"CHULA VISTA, CA US",,,38.0631,-120.2469,Tuolumne,32.64,-117.0858,17.1,2018,0,0,205,0
USR0000CSIM,"SIMS CALIFORNIA, CA US",,,38.0047,-120.4863,Tuolumne,41.075,-122.3733,731.5,2018,0,0,203,83
US1CASH0010,"REDDING 7.9 NNE, CA US",,,37.9613,-119.783,Tuolumne,40.6721,-122.2913,207.6,2018,,,,
USW00053119,"HANFORD MUNICIPAL AIRPORT, CA US",,,37.8331,-120.5,Tuolumne,36.31889,-119.62889,75.9,2018,0,0,249,114
USR0000CMTZ,"MOUNT ZION CALIFORNIA, CA US",,,37.7592,-119.8208,Tuolumne,38.3894,-120.6511,902.2,2018,0,0,197,72
US1CAMR0026,"NOVATO 1.2 SW, CA US",,,37.8769,-119.3436,Tuolumne,38.079,-122.5698,69.5,2018,,,,
USC00049742,"WINTERS, CA US",,,37.9747,-119.9161,Tuolumne,38.5252,-121.9777,41.1,2018,0,0,240,91
US1CAOR0016,"NEWPORT BEACH 3.1 ESE, CA US",,,37.8511,-119.65,Tuolumne,33.5894,-117.8652,25.6,2018,,,,
US1CAKN0031,"TEHACHAPI 3.4 WNW, CA US",,,37.7617,-119.8247,Tuolumne,35.1464,-118.4986,1184.8,2018,,,,
US1CAAL0030,"OAKLAND 1.2 ENE, CA US",,,34.1847,-118.7172,Ventura,37.7778,-122.2032,35.4,2018,,,,
USC00041194,"BURBANK VALLEY PUMP PLANT, CA US",,,34.3717,-118.8408,Ventura,34.1866,-118.348,199.6,2018,0,0,304,50
USR0000CDGR,"DEVILS GARDEN CALIFORNIA, CA US",,,34.2311,-119.0299,Ventura,41.53,-120.6714,1530.7,2018,1,10,129,25
US1CAPC0013,"NEWCASTLE 1.6 SSE, CA US",,,34.746,-119.1103,Ventura,38.851,-121.123,243.8,2018,,,,
US1CASD0040,"EL CAJON 2.3 S, CA US",,,34.4061,-118.7569,Ventura,32.7698,-116.9593,224.9,2018,,,,
USR0000CLST,"LAS TABLAS CALIFORNIA, CA US",,,34.21667,-119.08333,Ventura,35.6564,-120.9242,303,2018,0,0,250,94
USR0000CCHI,"CHILAO CALIFORNIA, CA US",,,34.2066,-119.1375,Ventura,34.3317,-118.0303,1661.2,2018,0,0,175,25
USC00043161,"FORT BRAGG 5 N, CA US",,,34.4477,-119.2275,Ventura,39.5091,-123.7566,37.5,2018,0,0,11,0
USC00044405,"JOSHUA TREE, CA US",,,34.5431,-119.1842,Ventura,34.1471,-116.2747,781.2,2018,0,0,250,140
USR0000CFAW,"FAWNSKIN CALIFORNIA, CA US",,,34.20083,-119.20694,Ventura,34.2661,-116.8989,2103.1,2018,1,4,145,0
USC00047195,"QUINCY, CA US",,,34.1772,-118.8984,Ventura,39.9366,-120.9475,1042.4,2018,0,0,172,49
USW00003104,"DESERT RESORTS REGIONAL AIRPORT, CA US",,,34.4806,-118.7556,Ventura,33.62667,-116.15944,-36,2018,0,0,348,207
,,,,34.6819,-119.3539,Ventura,,,,,,,,
,,,,34.2149,-118.8367,Ventura,,,,,,,,
,,,,34.8083,-119.0125,Ventura,,,,,,,,
USR0000CMIL,"MILL CREEK ANF CALIFORNIA, CA US",,,38.5425,-121.721,Yolo,34.3903,-118.0825,1530.4,2018,0,0,170,21
USR0000CANZ,"ANZA CALIFORNIA, CA US",,,38.5349,-121.7761,Yolo,33.555,-116.673,1194.8,2018,0,0,205,67
USC00046399,"OJAI, CA US",,,38.5613,-121.8522,Yolo,34.4477,-119.2275,227.1,2018,0,0,284,75
USS0020K30S,"SQUAW VALLEY G.C., CA US",,,38.492,-122.0039,Yolo,39.19,-120.26,2447.2,2018,0,38,41,0
USC00044500,"KENTFIELD, CA US",,,38.5252,-121.9777,Yolo,37.9566,-122.5447,44.2,2018,0,0,210,16
USR0000CABS,"ARBUCKLE BASIN CALIFORNIA, CA US",,,38.6829,-121.794,Yolo,40.3983,-122.8333,579.1,2018,0,0,193,61
USR0000CBOG,"BOGARD RANGER STATION CALIFORNIA, CA US",,,38.5523,-121.7855,Yolo,40.5981,-121.0831,1722.1,2018,7,13,129,19
,,,,38.5592,-121.7162,Yolo,,,,,,,,
USR0000CEEL,"EEL RIVER CALIFORNIA, CA US",,,39.563,-121.1077,Yuba,39.8333,-123.0833,457.2,2018,0,0,220,97
US1CASD0022,"POWAY 1.4SW, CA US",,,39.3308,-121.1922,Yuba,32.9491,-117.0588,135.3,2018,,,,
USR0000CWEE,"WEED AIRPORT CALIFORNIA, CA US",,,39.4518,-121.2801,Yuba,41.4789,-122.4539,893.1,2018,0,1,166,56
USW00024283,"ARCATA EUREKA AIRPORT, CA US",,,39.2241,-121.594,Yuba,40.97806,-124.10861,61,2018,0,0,17,0
USR0000CBLD,"BLUE DOOR CALIFORNIA, CA US",,,39.475,-121.2025,Yuba,41.0547,-120.3375,1711.5,2018,1,29,110,13
,,,,39.1019,-121.5677,Yuba,,,,,,,,