STATION,NAME,DATE,DT00,DX32,DX70,DX90
USR0000CTHO,"THOMES CREEK CALIFORNIA, CA US",2018,0,0,233,96
USC00049099,"TWENTYNINE PALMS, CA US",2018,,,,
USR0000CRDR,"READER RANCH CALIFORNIA, CA US",2018,0,0,227,91
USR0000CABS,"ARBUCKLE BASIN CALIFORNIA, CA US",2018,0,0,193,61
USC00047902,"SANTA BARBARA, CA US",2018,0,0,226,5
USC00042214,"CULVER CITY, CA US",2018,0,0,240,5
USR0000CGOR,"GORDON CALIFORNIA, CA US",2018,1,21,113,4
USR0000CREA,"REDDING AIRPORT CALIFORNIA, CA US",2018,0,0,233,109
USC00045968,"MOUNT LAGUNA NUMBER 3, CA US",2018,0,1,152,8
US1CAMT0006,"CASTROVILLE 1.6 ENE, CA US",2018,,,,
USR0000CGOO,"GOOSE VALLEY CALIFORNIA, CA US",2018,0,0,260,42
US1CAMT0003,"LOCKWOOD 3.6 NW, CA US",2018,,,,
USR0000CRCH,"RANCHITA CALIFORNIA, CA US",2018,0,0,192,51
USC00044405,"JOSHUA TREE, CA US",2018,0,0,250,140
USC00047916,"SANTA CRUZ, CA US",2018,0,0,209,3
USC00046826,"PETALUMA AIRPORT, CA US",2018,0,0,200,7
USC00044881,"LEE VINING, CA US",2018,0,18,143,15
USW00093209,"PASO ROBLES MUNICIPAL AIRPORT, CA US",2018,0,0,251,86
US1CASH0006,"SHINGLETOWN 5.3 ENE, CA US",2018,,,,
USC00044412,"JULIAN CDF, CA US",2018,0,0,171,24
USC00045502,"MECCA FIRE STATION, CA US",2018,0,0,346,194
USC00041149,"BUCKHORN, CA US",2018,,,,
USC00042239,"CUYAMACA, CA US",2018,0,0,154,12
USC00044890,"LEMON COVE, CA US",2018,0,0,268,122
USW00093205,"MARYSVILLE YUBA CO AIRPORT, CA US",2018,0,0,224,90
USW00093206,"SAN LUIS OBISPO MCCHESNEY FIELD, CA US",2018,0,0,236,15
USS0020H12S,"DISMAL SWAMP, CA US",2018,4,47,58,0
US1CAIN0013,"BISHOP 1.4 WNW, CA US",2018,,,,
US1CASH0018,"REDDING 3.6 N, CA US",2018,,,,
US1CAMT0033,"SALINAS 3.2 NNW, CA US",2018,,,,
USC00047933,"SANTA MARGARITA BOOST, CA US",2018,,,,
USC00043578,"GRATON, CA US",2018,0,0,223,25
USC00046602,"PACOIMA DAM FC33A E, CA US",2018,,,,
US1CASH0010,"REDDING 7.9 NNE, CA US",2018,,,,
USC00043573,"GRASS VALLEY NUMBER 2, CA US",2018,0,0,199,50
USR0000CRAV,"RAVENDALE CALIFORNIA, CA US",2018,0,14,130,27
USR0000CCDG,"CEDAR GROVE CALIFORNIA, CA US",2018,0,0,176,45
USW00024216,"RED BLUFF MUNICIPAL AIRPORT, CA US",2018,0,0,234,109
USW00023129,"LONG BEACH DAUGHERTY AIRPORT, CA US",2018,0,0,279,26
USW00024215,"MOUNT SHASTA, CA US",2018,0,1,160,35
USW00024213,"EUREKA WEATHER FORECAST OFFICE WOODLEY ISLAND, CA US",2018,0,0,4,0
US1CAYL0001,"DAVIS 1.2 SE, CA US",2018,,,,
US1CATH0037,"RED BLUFF 5.7 W, CA US",2018,,,,
US1CAYL0009,"DAVIS 2.7 W, CA US",2018,,,,
USR0000CTE2,"TEMESCAL LPF CALIFORNIA, CA US",2018,0,0,278,81
USW00023130,"VAN NUYS AIRPORT, CA US",2018,0,0,298,92
USR0000COZE,"OZENA CALIFORNIA, CA US",2018,0,0,255,109
US1CAOR0053,"LAGUNA HILLS 1.8 E, CA US",2018,,,,
USR0000CIND,"INDIAN WELL CALIFORNIA, CA US",2018,0,4,138,23
USR0000CCAR,"CARRIZO CALIFORNIA, CA US",2018,0,0,237,88
USR0000CCAT,"CATHEYS VALLEY CALIFORNIA, CA US",2018,0,0,215,91
USR0000CCAS,"CASE SPRINGS CALIFORNIA, CA US",2018,0,0,188,13
USW00023136,"CAMARILLO AIRPORT, CA US",2018,0,0,252,12
USC00046624,"PALMDALE, CA US",2018,,,,
US1CAYL0019,"DAVIS 1.1 ENE, CA US",2018,,,,
USC00045532,"MERCED, CA US",2018,,,,
US1CAOR0021,"ANAHEIM 4.9 ENE, CA US",2018,,,,
USR0000CMTZ,"MOUNT ZION CALIFORNIA, CA US",2018,0,0,197,72
US1CAYL0021,"DAVIS 6.3 W, CA US",2018,,,,
USR0000CEEL,"EEL RIVER CALIFORNIA, CA US",2018,0,0,220,97
USC00046635,"PALM SPRINGS, CA US",2018,,,,
USC00047965,"SANTA ROSA, CA US",2018,0,0,213,31
US1CATH0012,"COTTONWOOD 9.1 SW, CA US",2018,,,,
USR0000CCAM,"CAMERON FIRE STATION CALIFORNI, CA US",2018,0,0,239,84
USR0000CCAL,"CALLAHAN CALIFORNIA, CA US",2018,0,2,165,61
USR0000CCAA,"CAHUILLA CALIFORNIA, CA US",2018,0,0,343,192
USR0000CEEC,"EEL RIVER CAMP CALIFORNIA, CA US",2018,0,0,198,48
US1CATH0019,"RED BLUFF 2.8 N, CA US",2018,,,,
USC00044211,"IDYLLWILD FIRE DEPARTMENT, CA US",2018,0,0,168,27
US1CAOR0035,"MISSION VIEJO 3.9 NNE, CA US",2018,,,,
USW00023110,"LEMOORE REEVES NAS, CA US",2018,,,,
US1CAOR0031,"ORANGE 3.0 ENE, CA US",2018,,,,
USC00048829,"TEHACHAPI 4 SE, CA US",2018,0,0,158,24
USR0000CGHP,"GRASSHOPPER CALIFORNIA, CA US",2018,1,13,138,15
USC00041194,"BURBANK VALLEY PUMP PLANT, CA US",2018,0,0,304,50
US1CASH0051,"REDDING 3.8 S, CA US",2018,,,,
USR0000CTAN,"TANBARK CALIFORNIA, CA US",2018,0,0,221,41
USC00043134,"FORESTHILL RANGER STATION, CA US",2018,,,,
USC00044223,"IMPERIAL, CA US",2018,0,0,330,168
USC00045795,"MONTEREY, CA US",2018,0,0,96,0
USR0000CCOH,"COHASSET CALIFORNIA, CA US",2018,0,0,216,79
USR0000CCOL,"COLLINS BALDY CALIFORNIA, CA US",2018,0,27,106,1
US1CASH0071,"PAYNES CREEK 7.9 NNW, CA US",2018,,,,
USC00049490,"WEAVERVILLE, CA US",2018,0,0,213,90
US1CAFR0026,"FRESNO 7.2 NNE, CA US",2018,,,,
US1CAOR0001,"ORANGE 3.5 ENE, CA US",2018,,,,
USW00023161,"BARSTOW DAGGETT AIRPORT, CA US",2018,0,0,261,149
USR0000CPHI,"PINE HILLS CALIFORNIA, CA US",2018,0,0,196,33
US1CAOR0006,"SILVERADO 1.0 ESE, CA US",2018,,,,
USW00024259,"MONTAGUE SISKIYOU AIRPORT, CA US",2018,0,0,173,63
USW00024257,"REDDING MUNICIPAL AIRPORT, CA US",2018,0,0,234,111
USR0000CCP9,"CAMP 9 CALIFORNIA, CA US",2018,0,0,164,16
USR0000CPIE,"PIERCE CALIFORNIA, CA US",2018,0,18,113,3
USC00040673,"BEN LOMOND NUMBER 4, CA US",2018,0,0,268,78
USR0000CCOU,"CO LINE CALIFORNIA, CA US",2018,0,0,206,79
USR0000CPIH,"PINEHURST CALIFORNIA, CA US",2018,0,0,173,45
USR0000CLAB,"LOS BANOS CALIFORNIA, CA US",2018,0,0,229,79
USR0000CCOO,"COOSKIE MOUNTAIN CALIFORNIA, CA US",2018,0,3,102,7
USR0000CCON,"CONVERSE CALIFORNIA, CA US",2018,0,1,170,10
US1CASH0069,"SHINGLETOWN 2.5 E, CA US",2018,,,,
US1CASH0068,"MILLVILLE 3.6 SW, CA US",2018,,,,
USR0000CCOR,"CORRALITOS CALIFORNIA, CA US",2018,0,0,221,13
USW00023174,"LOS ANGELES INTERNATIONAL AIRPORT, CA US",2018,0,0,226,4
US1CAOR0016,"NEWPORT BEACH 3.1 ESE, CA US",2018,,,,
USC00047085,"PORTOLA, CA US",2018,,,,
US1CAFR0014,"FRESNO 2.4 NW, CA US",2018,,,,
USC00040449,"BALCH POWER HOUSE, CA US",2018,0,0,200,88
USW00023179,"NEEDLES AIRPORT, CA US",2018,0,0,314,186
US1CAOR0019,"MISSION VIEJO 1.3 SSE, CA US",2018,,,,
US1CANP0003,"CALISTOGA 0.4 SSE, CA US",2018,,,,
USC00042863,"ESCONDIDO NUMBER 2, CA US",2018,0,0,291,55
USC00040444,"BAKERSFIELD 5 NW, CA US",2018,0,0,255,104
USC00041534,"CARMEL VALLEY, CA US",2018,0,0,223,12
USC00043714,"HALF MOON BAY, CA US",2018,0,0,24,0
US1CASD0157,"LEMON GROVE 0.9 W, CA US",2018,,,,
US1CAFR0002,"CLOVIS 2.9 N, CA US",2018,,,,
US1CASN0112,"SANTA ROSA 2.3 NW, CA US",2018,,,,
USS0019L19S,"EBBETTS PASS, CA US",2018,1,37,55,0
USC00049026,"TRINITY RIVER HATCHERY, CA US",2018,,,,
USC00040693,"BERKELEY, CA US",2018,0,0,185,1
USR0000CCMO,"CASE MOUNTAIN CALIFORNIA, CA US",2018,0,13,115,0
US1CASD0146,"DEL MAR 0.5 NNW, CA US",2018,,,,
USR0000CCLE,"CLEAR CREEK CALIFORNIA, CA US",2018,0,0,190,25
USW00023152,"BURBANK GLENDALE PASADENA AIRPORT, CA US",2018,0,0,278,44
USW00023155,"BAKERSFIELD AIRPORT, CA US",2018,0,0,261,110
US1CASD0148,"ESCONDIDO 2.2 W, CA US",2018,,,,
USC00049040,"TRUCKEE TAHOE AIRPORT, CA US",2018,11,13,134,30
USR0000CCLA,"CLAREMONT CALIFORNIA, CA US",2018,0,0,266,53
USW00023157,"BISHOP AIRPORT, CA US",2018,0,0,231,113
USW00023158,"BLYTHE ASOS, CA US",2018,,,,
USC00042402,"DE SABLA, CA US",2018,,,,
USC00045915,"MOUNT DIABLO JUNCTION, CA US",2018,0,0,161,13
USR0000CCLV,"CALAVERAS ROAD CALIFORNIA, CA US",2018,0,0,166,15
USR0000CCLK,"CLARK CALIFORNIA, CA US",2018,0,0,285,87
USC00049035,"TRONA, CA US",2018,0,0,256,150
USC00049053,"TULELAKE, CA US",2018,0,3,153,25
USS0020H13S,"ADIN MOUNTAIN, CA US",2018,5,22,86,0
US1CASD0132,"DESCANSO 3.7N, CA US",2018,,,,
USC00049298,"VERDI 2 W, CA US",2018,0,16,137,26
USW00093230,"SOUTH LAKE TAHOE AIRPORT, CA US",2018,4,18,122,1
USR0000CAGD,"ARROYO GRANDE CALIFORNIA, CA US",2018,0,0,272,64
USR0000CRIC,"RICE VALLEY CALIFORNIA, CA US",2018,0,0,316,174
US1CAMR0037,"NOVATO 2.7 WNW, CA US",2018,,,,
US1CAMT0042,"CARMEL VALLEY VILLAGE 12.2 SE, CA US",2018,,,,
US1CAMT0041,"MARINA 0.8 SSE, CA US",2018,,,,
USC00043747,"HANFORD 1 S, CA US",2018,0,0,248,106
USR0000CGSP,"GREEN SPRING CALIFORNIA, CA US",2018,0,0,220,83
USW00093225,"SACRAMENTO METROPOLITAN AIRPORT, CA US",2018,0,0,223,81
USW00093227,"NAPA CO AIRPORT, CA US",2018,0,0,196,6
USW00093228,"HAYWARD AIR TERMINAL, CA US",2018,0,0,165,1
USW00003104,"DESERT RESORTS REGIONAL AIRPORT, CA US",2018,0,0,348,207
USC00049063,"TUOLUMNE MEADOWS RANGER STATION, CA US",2018,17,36,80,0
US1CAKG0003,"LEMOORE 0.3 SW, CA US",2018,,,,
US1CAKG0004,"HANFORD 3.6 N, CA US",2018,,,,
US1CAKG0001,"LEMOORE 0.9 ESE, CA US",2018,,,,
USW00003102,"ONTARIO INTERNATIONAL AIRPORT, CA US",2018,0,0,286,96
US1CAMR0029,"SAN RAFAEL 4.6 NNW, CA US",2018,,,,
US1CAVT0016,"CAMARILLO 0.6 N, CA US",2018,,,,
USC00045933,"MOUNT HAMILTON, CA US",2018,0,5,124,3
US1CAMR0026,"NOVATO 1.2 SW, CA US",2018,,,,
US1CAKG0005,"HANFORD 1.7 WNW, CA US",2018,,,,
US1CAVT0018,"THOUSAND OAKS 2.3 NE, CA US",2018,,,,
US1CAMR0025,"SAN ANSELMO 2.0 NNW, CA US",2018,,,,
US1CASD0130,"BORREGO SPRINGS 7.1SE, CA US",2018,,,,
USW00023188,"SAN DIEGO INTERNATIONAL AIRPORT, CA US",2018,0,0,229,3
USW00023187,"SANDBERG, CA US",2018,0,1,176,46
USW00023182,"PALMDALE AIRPORT, CA US",2018,0,0,247,119
USC00049073,"TURLOCK NUMBER 2, CA US",2018,0,0,224,74
US1CASD0114,"POWAY 3.9 NNW, CA US",2018,,,,
USW00003131,"SAN DIEGO MONTGOMERY FIELD, CA US",2018,0,0,259,13
US1CAVT0002,"FRAZIER PARK 10.7 WSW, CA US",2018,,,,
US1CAVT0001,"THOUSAND OAKS 2.1 WSW, CA US",2018,,,,
USW00004222,"REDDING 12 WNW, CA US",2018,,,,
USC00040010,"ACAMPO 5 NE, CA US",2018,,,,
USW00093245,"BODEGA 6 WSW, CA US",2018,0,0,2,0
US1CASD0120,"N CLAIREMONT 0.6SSE, CA US",2018,,,,
USR0000CELC,"EL CARISO CALIFORNIA, CA US",2018,0,0,256,88
US1CASD0101,"VALLEY CENTER 6.4N, CA US",2018,,,,
USW00023199,"EL CENTRO NAF, CA US",2018,,,,
USW00024286,"CRESCENT CITY MCNAMARA AIRPORT, CA US",2018,0,0,6,0
USW00024283,"ARCATA EUREKA AIRPORT, CA US",2018,0,0,17,0
USW00093241,"VACAVILLE NUT TREE AIRPORT, CA US",2018,0,0,233,85
USW00093242,"MADERA MUNICIPAL AIRPORT, CA US",2018,0,0,249,109
US1CASD0104,"DESCANSO 0.8 N, CA US",2018,,,,
USW00093243,"MERCED 23 WSW, CA US",2018,0,0,228,90
USR0000CCHB,"CHEESEBORO CALIFORNIA, CA US",2018,0,0,260,80
USR0000CACT,"ACTON CALIFORNIA, CA US",2018,0,0,233,103
USR0000CTIM,"TIMBER MOUNTAIN CALIFORNIA, CA US",2018,0,19,127,24
USW00003122,"TORRANCE AIRPORT, CA US",2018,,0,241,7
USR0000CVND,"VANDENBERG CALIFORNIA, CA US",2018,0,0,154,4
USR0000CCHU,"CHUCHUPATE CALIFORNIA, CA US",2018,0,2,178,41
US1CAMR0009,"PETALUMA 10.1 W, CA US",2018,,,,
USR0000CCHI,"CHILAO CALIFORNIA, CA US",2018,0,0,175,25
USC00040029,"ADIN RANGER STATION, CA US",2018,,,,
USR0000CPAT,"PATTY MOCUS CALIFORNIA, CA US",2018,0,1,184,57
USR0000CELI,"MOUNT ELIZABETH CALIFORNIA, CA US",2018,0,4,162,36
USW00023191,"AVALON CATALINA AIRPORT, CA US",2018,0,0,177,13
USR0000CPAR,"PARKFIELD CALIFORNIA, CA US",2018,0,0,252,99
USW00023190,"SANTA BARBARA MUNICIPAL AIRPORT, CA US",2018,0,0,205,1
USR0000CELM,"EL MIRAGE CALIFORNIA, CA US",2018,0,0,246,122
USW00003159,"LANCASTER, CA US",2018,0,0,243,116
USR0000CBUL,"BULL FLAT CALIFORNIA, CA US",2018,0,7,154,49
USR0000CBUR,"BURNS CANYON CALIFORNIA, CA US",2018,0,2,159,15
USC00047470,"RIVERSIDE FIRE STATION 3, CA US",2018,,,,
USS0019L24S,"HEAVENLY VALLEY, CA US",2018,2,36,45,0
USC00049888,"YUCCA VALLEY, CA US",2018,0,0,242,124
USR0000CBUU,"BUTTERCUP CALIFORNIA, CA US",2018,0,0,343,188
USR0000CKET,"KETTLEMAN HILLS CALIFORNIA, CA US",2018,0,0,228,97
USR0000CSVA,"SPRING VALLEY CALIFORNIA, CA US",2018,0,0,95,0
USR0000CMIO,"MILO CALIFORNIA, CA US",2018,0,0,228,91
USS0020L02S,"RUBICON NUMBER 2, CA US",2018,0,35,79,0
US1CAHM0063,"ARCATA 0.9 WNW, CA US",2018,,,,
USW00003144,"IMPERIAL CO AIRPORT, CA US",2018,0,0,333,185
US1CAHM0060,"TRINIDAD 0.2 NE, CA US",2018,,,,
USC00046144,"NEWARK, CA US",2018,0,0,174,1
USC00046386,"OCOTILLO WELLS 2 W, CA US",2018,0,0,330,180
USC00041948,"COLUSA 2 SSW, CA US",2018,,,,
USW00003177,"CARLSBAD MCCLELLAN PALOMAR AIRPORT, CA US",2018,0,0,183,2
US1CAHM0073,"PETROLIA 0.6 SSE, CA US",2018,,,,
USW00003178,"SAN DIEGO BROWN FIELD, CA US",2018,0,0,260,9
US1CAHM0070,"HONEYDEW 3.2 SSE, CA US",2018,,,,
USR0000CKEE,"KEENWILD CALIFORNIA, CA US",2018,0,0,183,31
USR0000CMIL,"MILL CREEK ANF CALIFORNIA, CA US",2018,0,0,170,21
US1CAPC0001,"SODA SPRINGS 1.5 SSW, CA US",2018,,,,
USC00041700,"CHESTER, CA US",2018,0,4,149,31
USW00003171,"RIVERSIDE MUNICIPAL AIRPORT, CA US",2018,0,0,293,108
USR0000CSUF,"SUGARLOAF SHF CALIFORNIA, CA US",2018,0,0,178,53
USC00045064,"LOMPOC, CA US",2018,0,0,219,3
US1CAKN0022,"BAKERSFIELD 6.1 WSW, CA US",2018,,,,
USC00046154,"NEW CUYAMA FIRE STATION, CA US",2018,0,0,258,101
USR0000CBSR,"BIG SUR CALIFORNIA, CA US",2018,0,0,184,12
USR0000CMID,"MID HILLS CALIFORNIA, CA US",2018,0,1,165,25
USC00047248,"RANCHO BERNARDO, CA US",2018,0,0,265,17
USC00046399,"OJAI, CA US",2018,0,0,284,75
USR0000CBRK,"BLACKROCK CALIFORNIA, CA US",2018,1,16,125,0
US1CASS0006,"MODESTO 4.1 NW, CA US",2018,,,,
USR0000CBRI,"BRIONES CALIFORNIA, CA US",2018,0,0,171,28
USR0000CSTA,"STAMPEDE CALIFORNIA, CA US",2018,1,17,126,17
USC00046174,"NEW MELONES DAM HQ, CA US",2018,0,0,232,93
US1CASS0001,"KNIGHTS FERRY 5.2 WSW, CA US",2018,,,,
USS0019L45S,"CARSON PASS, CA US",2018,1,36,56,0
USR0000COKO,"OAK OPENING CALIFORNIA, CA US",2018,0,0,205,80
USC00042805,"ELSINORE, CA US",2018,,,,
USR0000COKN,"OAKLAND NORTH CALIFORNIA, CA US",2018,0,0,125,1
USW00003164,"CAMPO ASOS, CA US",2018,0,0,257,88
USR0000CBRA,"BRANCH MOUNTAIN CALIFORNIA, CA US",2018,0,0,187,53
USW00003166,"FULLERTON MUNICIPAL AIRPORT, CA US",2018,0,0,295,45
USR0000COKS,"OAKLAND SOUTH CALIFORNIA, CA US",2018,0,0,131,1
USR0000CBRF,"BEAR FLAT CALIFORNIA, CA US",2018,1,14,107,6
USW00003167,"HAWTHORNE MUNICIPAL AIRPORT, CA US",2018,0,0,243,8
USR0000CSTO,"STONYFORD CALIFORNIA, CA US",2018,0,0,230,92
USC00048587,"STONY GORGE RESERVOIR, CA US",2018,0,0,232,94
US1CAKN0031,"TEHACHAPI 3.4 WNW, CA US",2018,,,,
USC00046168,"NEWMAN, CA US",2018,0,0,268,146
USC00045091,"LONG VALLEY 2, CA US",2018,,,,
US1CAAL0004,"PLEASANTON 1.8 SSE, CA US",2018,,,,
USC00049452,"WASCO, CA US",2018,0,0,251,116
US1CAAL0001,"PIEDMONT 1.0 SE, CA US",2018,,,,
USR0000CDUN,"DUNCAN CALIFORNIA, CA US",2018,0,20,88,0
USC00041967,"CONCORD WASTEWATER PLANT, CA US",2018,0,0,224,57
USR0000CSRS,"SANTA ROSA CALIFORNIA, CA US",2018,0,0,197,15
US1CAMC0004,"ALTURAS 9.5 E, CA US",2018,,,,
US1CAST0005,"HOLLISTER 2.1 ESE, CA US",2018,,,,
USR0000COKG,"OAK GROVE CALIFORNIA, CA US",2018,0,0,262,88
US1CAST0006,"HOLLISTER 0.3 WSW, CA US",2018,,,,
US1CAST0007,"HOLLISTER 5.6 NE, CA US",2018,,,,
USR0000CDVA,"DEL VALLE CALIFORNIA, CA US",2018,0,0,274,93
USR0000CBR4,"BRIDGEPORT 4 NW CALIFORNIA, CA US",2018,0,9,146,17
US1CAKN0001,"INYOKERN 9.4 WSW, CA US",2018,,,,
USC00046175,"NEWPORT BEACH HARBOR, CA US",2018,0,0,151,0
USC00048353,"SONORA, CA US",2018,0,0,210,72
USS0019L05S,"BLUE LAKES, CA US",2018,4,34,64,0
USR0000CMET,"METCALF GAP CALIFORNIA, CA US",2018,,,,
USR0000CBPI,"BIG PINE FLAT CALIFORNIA, CA US",2018,0,4,149,11
US1CAHM0026,"BRIDGEVILLE 5.2 ENE, CA US",2018,,,,
US1CAAL0012,"PLEASANTON 0.4 ESE, CA US",2018,,,,
USC00046194,"NICOLAUS NUMBER 2, CA US",2018,,,,
USC00043914,"HENSHAW DAM, CA US",2018,0,0,253,93
USC00041738,"CHIRIACO SUMMIT, CA US",2018,,,,
USS0020K13S,"TRUCKEE NUMBER 2, CA US",2018,0,15,111,0
USR0000CSQU,"SQUAW LAKE CALIFORNIA, CA US",2018,0,0,327,180
USR0000CMEN,"MENDOCINO PASS CALIFORNIA, CA US",2018,0,12,118,1
USR0000CSQS,"SQUAW SPRINGS CALIFORNIA, CA US",2018,0,0,219,99
USR0000CSRI,"SANTA ROSA ISLAND CALIFORNIA, CA US",2018,0,0,114,4
USC00049219,"VALLEJO, CA US",2018,0,0,233,40
USR0000CSRO,"SANTA ROSA PLATEAU CALIFORNIA, CA US",2018,0,0,253,34
USC00049699,"WILLOWS 6 W, CA US",2018,0,0,237,98
USC00048122,"SHAFTER 6 E, CA US",2018,0,0,252,104
US1CAKN0013,"ONYX 2.8 ENE, CA US",2018,,,,
USC00049473,"WATSONVILLE WATERWORKS, CA US",2018,0,0,163,0
USR0000CBOG,"BOGARD RANGER STATION CALIFORNIA, CA US",2018,7,13,129,19
US1CAHM0038,"KNEELAND 0.4 NNW, CA US",2018,,,,
US1CAHM0035,"EUREKA 2.2 S, CA US",2018,,,,
US1CAHM0030,"GARBERVILLE 2.2 SW, CA US",2018,,,,
USR0000CMEA,"MEANS LAKE CALIFORNIA, CA US",2018,0,0,251,138
USC00049226,"VALLEY CENTER 1 N, CA US",2018,0,0,299,90
USC00048135,"SHASTA DAM, CA US",2018,,,,
USS0019L03S,"HAGAN S MEADOW, CA US",2018,2,14,89,0
USR0000CBOO,"BOONVILLE CALIFORNIA, CA US",2018,0,0,194,36
US1CAAL0018,"BERKELEY 4.0 E, CA US",2018,,,,
USC00049001,"TRACY PUMPING PLANT, CA US",2018,0,0,233,88
USR0000CBNL,"BEN LOMOND CALIFORNIA, CA US",2018,0,0,167,18
US1CAHM0048,"WILLOW CREEK 4.9 NNE, CA US",2018,,,,
USC00041758,"CHULA VISTA, CA US",2018,0,0,205,0
USC00043937,"HESPERIA 2 E, CA US",2018,0,0,245,115
USC00043939,"HETCH HETCHY, CA US",2018,0,0,172,27
US1CAAL0030,"OAKLAND 1.2 ENE, CA US",2018,,,,
US1CAHM0046,"TRINIDAD 1.0 ENE, CA US",2018,,,,
USR0000CMCG,"MCGUIRES CALIFORNIA, CA US",2018,0,0,147,5
USR0000CSOM,"SOMES BAR CALIFORNIA, CA US",2018,0,0,201,87
USC00041990,"COPCO NUMBER 1 DAM, CA US",2018,,,,
USS0019L40S,"MONITOR PASS, CA US",2018,1,29,78,0
USR0000CMSA,"MARIPOSA CALIFORNIA, CA US",2018,0,0,216,82
US1CASR0034,"RANCHO CUCAMONGA 1.6 W, CA US",2018,,,,
USR0000COWE,"OWENS CAMP LOC CALIFORNIA, CA US",2018,0,5,164,21
US1CAAM0009,"VOLCANO 3.2 N, CA US",2018,,,,
USR0000CKON,"KONOCTI CALIFORNIA, CA US",2018,,,,
USR0000COWV,"OWENS VALLEY CALIFORNIA, CA US",2018,0,0,222,99
USC00043261,"FRIANT GOVERNMENT CAMP, CA US",2018,0,0,235,105
US1CASR0036,"FAWNSKIN 0.3 NE, CA US",2018,,,,
USC00046773,"PEARBLOSSOM, CA US",2018,0,0,253,122
US1CAMD0001,"UKIAH 8.4 NW, CA US",2018,,,,
US1CASR0020,"LANDERS 1.6 NE, CA US",2018,,,,
US1CASR0022,"MORONGO VALLEY 2.3 NE, CA US",2018,,,,
USC00043038,"FIDDLETOWN DEXTER RANCH, CA US",2018,,,,
USR0000CKNO,"KNOXVILLE CREEK CALIFORNIA, CA US",2018,0,0,205,69
USR0000CMS2,"MOUNT SHASTA CALIFORNIA, CA US",2018,0,1,162,33
US1CASR0026,"HESPERIA 3.9 SW, CA US",2018,,,,
US1CASR0029,"RIALTO 2.1 N, CA US",2018,,,,
USR0000CMRK,"MARKLEEVILLE CALIFORNIA, CA US",2018,0,13,145,34
US1CAMD0033,"MENDOCINO 2.7 NNE, CA US",2018,,,,
US1CASR0052,"LUCERNE VALLEY 2.7 SSE, CA US",2018,,,,
US1CASR0055,"SAN BERNARDINO 5.1 NW, CA US",2018,,,,
USR0000CEAG,"EAGLE PEAK CALIFORNIA, CA US",2018,0,0,161,28
USC00047888,"SANTA ANA FIRE STATION, CA US",2018,0,0,292,29
US1CASR0058,"LAKE ARROWHEAD 1.5 SE, CA US",2018,,,,
USC00047643,"SAINT HELENA, CA US",2018,0,0,240,65
US1CAHM0009,"MCKINLEYVILLE 2.3 NE, CA US",2018,,,,
US1CAMD0021,"ALBION 4.0 SE, CA US",2018,,,,
US1CAHM0004,"MCKINLEYVILLE 2.7 SE, CA US",2018,,,,
US1CASR0044,"YUCAIPA 1.5 NNE, CA US",2018,,,,
US1CAHM0001,"ARCATA 1.1 NE, CA US",2018,,,,
USR0000CMOU,"MOUNTAIN REST CALIFORNIA, CA US",2018,0,0,179,45
US1CAMD0026,"CASPAR 1.4 ESE, CA US",2018,,,,
USR0000CVAY,"VALYERMO CALIFORNIA, CA US",2018,0,0,230,108
USR0000CVAN,"VAN BREMMER CALIFORNIA, CA US",2018,0,10,129,25
USR0000CVAL,"VALLEY CENTER CALIFORNIA, CA US",2018,0,0,277,57
US1CALA0078,"REDONDO BEACH 2.0 SSW, CA US",2018,,,,
US1CALA0077,"LANCASTER 5.5 E, CA US",2018,,,,
USS0019L44S,"HORSE MEADOW, CA US",2018,1,34,65,0
US1CAPC0024,"APPLEGATE 0.5 SE, CA US",2018,,,,
USC00048758,"TAHOE CITY, CA US",2018,0,18,106,0
USR0000CMOR,"MORMON ROCK CALIFORNIA, CA US",2018,0,0,188,34
US1CAPC0021,"ROSEVILLE 2.4 SE, CA US",2018,,,,
USR0000CBZE,"BRAZIE RANCH CALIFORNIA, CA US",2018,0,1,161,47
USC00044394,"JOHNSON VALLEY, CA US",2018,0,0,226,125
USC00046572,"OXNARD WEATHER FORECAST OFFICE, CA US",2018,0,0,252,6
US1CASA0030,"LA RIVIERA 1.0 NE, CA US",2018,,,,
USC00047681,"SALSIPUEDES GAGING STATION, CA US",2018,,,,
USS0019L43S,"FORESTDALE CREEK, CA US",2018,1,29,87,0
USC00043083,"FIVE POINTS 5 SSW, CA US",2018,0,0,258,115
USS0020L06S,"ECHO PEAK, CA US",2018,0,31,67,0
US1CAPC0013,"NEWCASTLE 1.6 SSE, CA US",2018,,,,
US1CAPC0011,"COLFAX 3.1 SW, CA US",2018,,,,
USC00047672,"SALINAS DAM, CA US",2018,,,,
USC00049855,"YOSEMITE PARK HEADQUARTERS, CA US",2018,,,,
USC00048760,"TAHOMA, CA US",2018,,35,96,0
US1CAME0004,"MERCED 1.2 NW, CA US",2018,,,,
USS0019L42S,"SUMMIT MEADOW, CA US",2018,2,42,37,0
US1CABT0026,"GRIDLEY 3.3 SE, CA US",2018,,,,
USR0000CQUA,"QUARTZ HILL CALIFORNIA, CA US",2018,0,2,161,46
USR0000CMLR,"MALLORY RIDGE CALIFORNIA, CA US",2018,0,0,173,49
USC00041907,"COLEMAN FISHERIES STATION, CA US",2018,,,,
US1CASR0014,"JOSHUA TREE 2.0 S, CA US",2018,,,,
USC00049866,"YREKA, CA US",2018,0,0,174,73
USC00045026,"LODGEPOLE, CA US",2018,,,,
USC00046597,"PACIFIC HOUSE, CA US",2018,0,1,202,72
USR0000CQUI,"QUINCY RD CALIFORNIA, CA US",2018,0,0,190,74
US1CABT0032,"BANGOR 0.4 N, CA US",2018,,,,
US1CABT0033,"PALERMO 2.7 SE, CA US",2018,,,,
USS0019L41S,"BURNSIDE LAKE, CA US",2018,19,31,62,0
USR0000COPA,"OPAL MOUNTAIN CALIFORNIA, CA US",2018,0,0,234,115
US1CALA0064,"LOS ANGELES 2.6 NW, CA US",2018,,,,
USR0000CBVR,"BEAVER CAMP LOC CALIFORNIA, CA US",2018,0,3,196,56
USC00041912,"COLFAX, CA US",2018,0,0,213,88
USC00041916,"COLGATE POWERHOUSE, CA US",2018,,,,
US1CAPC0035,"ROCKLIN 2.5 W, CA US",2018,,,,
US1CASR0002,"HESPERIA 2.1 E, CA US",2018,,,,
US1CALA0036,"PASADENA 2.0 SE, CA US",2018,,,,
USR0000CDIA,"DIABLO GRANDE CALIFORNIA, CA US",2018,0,0,201,69
US1CABT0002,"OROVILLE 2.7 ENE, CA US",2018,,,,
US1CABT0005,"OROVILLE 4.8 E, CA US",2018,,,,
US1CALA0031,"LANCASTER 6.5 ENE, CA US",2018,,,,
US1CASA0002,"SACRAMENTO 8.0 NE, CA US",2018,,,,
USR0000CBEA,"BEAR PEAK CALIFORNIA, CA US",2018,0,24,93,0
USR0000CSFD,"SANTA FE DAM CALIFORNIA, CA US",2018,0,0,297,93
USR0000CBDY,"BRADLEY CALIFORNIA, CA US",2018,0,0,263,108
USR0000CJUA,"JUANITA LAKE CALIFORNIA, CA US",2018,0,4,137,26
USR0000CBEN,"BENTON CALIFORNIA, CA US",2018,1,1,197,86
USC00044997,"LIVERMORE, CA US",2018,0,0,215,60
USC00043669,"GROVELAND 2, CA US",2018,0,0,200,76
USR0000CWOF,"WOFFORD HEIGHTS CALIFORNIA, CA US",2018,,,,
USR0000CJUN,"JUNIPER CREEK CALIFORNIA, CA US",2018,2,6,146,37
USR0000CLYO,"LYONS VALLEY CALIFORNIA, CA US",2018,0,1,157,20
USR0000CJUL,"JULIAN CALIFORNIA, CA US",2018,0,0,171,24
USR0000CLYT,"LYTLE CREEK CALIFORNIA, CA US",2018,0,0,241,83
USC00042574,"DUNSMUIR TREATMENT PLANT, CA US",2018,0,0,181,56
US1CABT0017,"CHICO 5.5 NW, CA US",2018,,,,
USR0000CSEC,"SECRET TOWN CALIFORNIA, CA US",2018,0,0,221,79
USW00023213,"SANTA ROSA SONOMA CO AIRPORT, CA US",2018,0,0,212,26
USC00041497,"CANYON DAM, CA US",2018,,,,
USC00046946,"PIT RIVER PH 5, CA US",2018,,,,
USC00046940,"PIRU 2 ESE, CA US",2018,,,,
USC00041253,"CACHUMA LAKE, CA US",2018,,0,292,90
US1CALA0014,"CANYON COUNTRY 2.6 E, CA US",2018,,,,
USR0000CUHL,"UHL HOT SPRINGS, CA US",2018,0,0,193,66
US1CALA0010,"WHITTIER 2.9 WNW, CA US",2018,,,,
USC00046719,"PASADENA, CA US",2018,0,0,291,74
USR0000CSDC,"SODA CREEK CALIFORNIA, CA US",2018,0,0,210,84
USR0000CBBR,"BIG BAR CALIFORNIA, CA US",2018,0,0,208,98
USC00040176,"AMBOY, CA US",2018,,0,312,178
USC00045866,"MORRO BAY FIRE DEPARTMENT, CA US",2018,,,,
USR0000CHOR,"HORSE THIEF SPRINGS CALIFORNIA, CA US",2018,0,0,179,57
USR0000CDGR,"DEVILS GARDEN CALIFORNIA, CA US",2018,1,10,129,25
USR0000CBCN,"BELL CANYON CALIFORNIA, CA US",2018,0,0,267,32
US1CACC0001,"MARTINEZ 0.8 SSE, CA US",2018,,,,
USR0000CHOO,"HOOPA CALIFORNIA, CA US",2018,,,,
USC00045860,"MORONGO VALLEY NORTH, CA US",2018,0,0,238,102
USR0000CHOL,"HORSE LAKE CALIFORNIA, CA US",2018,0,14,132,32
US1CALA0023,"DIAMOND BAR 1.9 NNE, CA US",2018,,,,
USR0000CSCI,"SANTA CRUZ ISLAND CALIFORNIA, CA US",2018,0,0,264,20
USR0000CSCN,"SCORPION CALIFORNIA, CA US",2018,0,2,201,62
US1CASA0012,"SACRAMENTO 2.0 SE, CA US",2018,,,,
US1CACC0011,"MARTINEZ 2.2 SW, CA US",2018,,,,
USR0000CBAR,"BARNABY CALIFORNIA, CA US",2018,0,0,159,7
US1CACC0010,"LAFAYETTE 1.9 WSW, CA US",2018,,,,
USR0000CFIV,"FIVE MILE CALIFORNIA, CA US",2018,0,0,225,109
USR0000CDES,"DESCANSO CALIFORNIA, CA US",2018,0,0,229,64
USR0000CBAT,"BATTERSON CALIFORNIA, CA US",2018,0,0,213,82
USR0000CYOL,"YOLLA BOLLA CALIFORNIA, CA US",2018,0,2,174,42
USC00044303,"IRVINE RANCH, CA US",2018,0,0,302,60
US1CACC0018,"WALNUT CREEK 1.4 SSE, CA US",2018,,,,
USC00047813,"SAN JACINTO, CA US",2018,0,0,287,117
US1CACC0016,"CONCORD 0.8 WNW, CA US",2018,,,,
US1CASA0007,"FOLSOM 1.2 SSE, CA US",2018,,,,
USR0000CHNM,"HUNTER MOUNTAIN CALIFORNIA, CA US",2018,0,8,141,6
US1CASB0007,"BUELLTON 0.7 S, CA US",2018,,,,
USR0000CSBB,"SANTA BARBARA ISLAND CALIFORNI, CA US",2018,0,0,72,0
USW00023244,"MOFFETT FEDERAL AIRFIELD, CA US",2018,,,,
USC00044555,"KING CITY, CA US",2018,0,0,263,30
USR0000CFIS,"FISH CREEK MOUNTAIN CALIFORNIA, CA US",2018,0,0,316,172
USC00040192,"ANAHEIM, CA US",2018,0,0,315,56
USR0000CBAL,"BALD MOUNTAIN LOC CALIFORNIA, CA US",2018,0,7,165,36
USR0000CFIG,"FIGUEROA CALIFORNIA, CA US",2018,0,0,207,29
US1CASB0011,"SANTA BARBARA 4.7 WNW, CA US",2018,,,,
USC00046730,"PASO ROBLES, CA US",2018,0,0,252,81
US1CALA0003,"TORRANCE 2.8 SW, CA US",2018,,,,
US1CALA0001,"GLENDALE 2.4 WSW, CA US",2018,,,,
USR0000CWIL,"WILEY RIDGE CALIFORNIA, CA US",2018,,,,
USW00023254,"CONCORD BUCHANAN FIELD, CA US",2018,0,0,227,59
USR0000CHLD,"HOPLAND CALIFORNIA, CA US",2018,0,0,191,49
USW00023259,"MONTEREY PENINSUL AIRPORT, CA US",2018,0,0,81,0
US1CALA0009,"SHERMAN OAKS 1.7 ENE, CA US",2018,,,,
US1CASO0007,"FAIRFIELD 5.9 WSW, CA US",2018,,,,
USR0000CSAD,"SADDLEBACK BUTTE CALIFORNIA, CA US",2018,0,0,251,126
USW00023258,"MODESTO CITY CO AIRPORT, CA US",2018,0,0,234,92
USR0000CSAC,"SACRAMENTO NWR CALIFORNIA, CA US",2018,0,0,232,94
USW00023257,"MERCED MUNICIPAL AIRPORT, CA US",2018,0,0,230,94
USR0000CFHL,"FORT HUNTER LIGGET CALIFORNIA, CA US",2018,0,0,253,103
USR0000CSAW,"SAWYERS BAR CALIFORNIA, CA US",2018,,,,
US1CASC0057,"MORGAN HILL 4.5 NW, CA US",2018,,,,
US1CASD0090,"LA MESA 2.6E, CA US",2018,,,,
USC00046506,"ORLAND, CA US",2018,0,0,231,88
USR0000CHLR,"HOLLISTER CALIFORNIA, CA US",2018,0,0,217,23
USR0000CLTU,"LITTLE TUJUNGA CALIFORNIA, CA US",2018,0,0,265,50
US1CASD0097,"CARLSBAD 8.3SE, CA US",2018,,,,
USR0000CSAU,"SAUGUS CALIFORNIA, CA US",2018,0,0,264,78
USR0000CWHC,"WHITE CLOUD CALIFORNIA, CA US",2018,0,4,169,32
US1CASC0032,"SAN JOSE 6.2 W, CA US",2018,,,,
USR0000CWHH,"WHITTIER HILLS CALIFORNIA, CA US",2018,0,0,271,33
USW00023225,"BLUE CANYON AIRPORT, CA US",2018,0,17,107,0
USR0000CLST,"LAS TABLAS CALIFORNIA, CA US",2018,0,0,250,94
USR0000CJOH,"JOHNSONDALE CALIFORNIA, CA US",2018,0,1,186,49
USR0000CWHT,"WHITMORE CALIFORNIA, CA US",2018,0,0,209,77
US1CASD0086,"CARLSBAD 1.3ENE, CA US",2018,,,,
USC00043244,"FREMONT, CA US",2018,0,0,178,2
USW00023230,"OAKLAND METROPOLITAN, CA US",2018,0,0,124,0
USW00023232,"SACRAMENTO EXECUTIVE AIRPORT, CA US",2018,0,0,222,75
USW00023237,"STOCKTON METROPOLITAN AIRPORT, CA US",2018,0,0,239,94
USW00023234,"SAN FRANCISCO INTERNATIONAL AIRPORT, CA US",2018,,,,
USW00023233,"SALINAS AIRPORT, CA US",2018,0,0,149,0
US1CASC0040,"LOS GATOS 5.4 SSW, CA US",2018,,,,
USC00048702,"SUSANVILLE 2 SW, CA US",2018,0,6,160,33
US1CASB0001,"GOLETA 3.7 WNW, CA US",2018,,,,
US1CASD0072,"RAMONA 3 ENE, CA US",2018,,,,
USC00043491,"GOLD RUN 2 SW, CA US",2018,,,,
USC00043251,"FRESNO 3 NW, CA US",2018,,,,
US1CAYB0001,"CHALLENGE BROWNSVILLE 1.3 WSW, CA US",2018,,,,
US1CAYB0003,"MARYSVILLE 5.0 N, CA US",2018,,,,
USC00046521,"OROVILLE, CA US",2018,0,0,224,94
USC00047851,"SAN LUIS OBISPO POLY, CA US",2018,0,0,244,13
USW00023285,"LIVERMORE MUNICIPAL AIRPORT, CA US",2018,0,0,211,55
US1CASD0055,"SAN DIEGO 5.2WNW, CA US",2018,,,,
USC00047195,"QUINCY, CA US",2018,0,0,172,49
US1CASD0059,"ESCONDIDO 0.8 NNE, CA US",2018,,,,
US1CASC0011,"CAMBRIAN PARK 2.2 SE, CA US",2018,,,,
USR0000CSNL,"SAN LUIS NWR CALIFORNIA, CA US",2018,0,0,238,97
USR0000CSNR,"SANTA RITA CALIFORNIA, CA US",2018,0,2,134,8
US1CATL0011,"THREE RIVERS 1.7 NE, CA US",2018,,,,
USR0000CMCB,"MILL CREEK BDF CALIFORNIA, CA US",2018,0,0,242,67
USR0000CSOL,"SOLDIER MOUNTAIN CALIFORNIA, CA US",2018,0,0,168,48
USC00040798,"BIG TUJUNGA DAM FC46, CA US",2018,,,,
USR0000CWWO,"WHITE WOLF CALIFORNIA, CA US",2018,3,22,97,0
US1CASC0003,"SUNNYVALE 1.9 SE, CA US",2018,,,,
USC00043824,"HAT CREEK, CA US",2018,,,,
US1CASD0060,"SAN DIEGO 9.5 NNW, CA US",2018,,,,
US1CASN0016,"SEBASTOPOL 4.5 WSW, CA US",2018,,,,
USR0000CMAN,"MANZANITA LAKE CALIFORNIA, CA US",2018,0,13,114,0
USR0000CBLD,"BLUE DOOR CALIFORNIA, CA US",2018,1,29,110,13
US1CASD0049,"SAN DIEGO 9 NE, CA US",2018,,,,
USW00023293,"SAN JOSE, CA US",2018,,,,
US1CADN0006,"SMITH RIVER 1.1 SSE, CA US",2018,,,,
USR0000CMAL,"MALIBU HILLS CALIFORNIA, CA US",2018,0,0,216,20
USS0020H06S,"CEDAR PASS, CA US",2018,0,44,76,0
USC00042500,"DOWNIEVILLE, CA US",2018,0,0,193,63
USR0000CBLT,"BEN BOLT CALIFORNIA, CA US",2018,0,0,226,91
US1CASC0015,"SARATOGA 0.5 N, CA US",2018,,,,
USC00048045,"SCOTIA, CA US",2018,0,0,82,0
USW00093138,"PALM SPRINGS ASOS, CA US",2018,0,0,331,185
USR0000CBLQ,"BLUE RIDGE KNF CALIFORNIA, CA US",2018,0,23,108,0
USS0019L08S,"LEAVITT MEADOWS, CA US",2018,6,12,105,0
US1CASD0053,"SAN DIEGO COUNTRY ESTATES 1.5, CA US",2018,,,,
US1CASD0052,"POWAY 4.7NNW, CA US",2018,,,,
USC00049378,"VISTA, CA US",2018,0,0,249,9
USC00049152,"U C L A, CA US",2018,0,0,246,6
USR0000CBKD,"BLACK DIAMOND CALIFORNIA, CA US",2018,0,,,
USR0000CDOG,"DOG VALLEY CALIFORNIA, CA US",2018,4,13,141,31
US1CASD0035,"RANCHO BERNARDO 0.5SE, CA US",2018,,,,
USC00041428,"CAMP PARDEE, CA US",2018,,,,
USC00041424,"CAMPO, CA US",2018,0,0,270,106
USR0000CMAD,"MAD RIVER CALIFORNIA, CA US",2018,0,0,182,49
USR0000CSMI,"SAN MIGUEL CALIFORNIA, CA US",2018,0,0,273,15
USR0000CDOY,"DOYLE CALIFORNIA, CA US",2018,0,2,171,64
USS0019L07S,"SONORA PASS, CA US",2018,2,39,66,0
US1CASD0040,"EL CAJON 2.3 S, CA US",2018,,,,
US1CASD0025,"PAUMA VALLEY 1.7 SE, CA US",2018,,,,
USW00023273,"SANTA MARIA PUBLIC AIRPORT, CA US",2018,0,0,224,4
US1CASD0022,"POWAY 1.4SW, CA US",2018,,,,
USR0000CFRE,"FREMONT CANYON CALIFORNIA, CA US",2018,0,0,237,25
USW00023275,"UKIAH MUNICIPAL AIRPORT, CA US",2018,0,0,219,80
US1CASD0027,"SAN DIEGO 3.5NE, CA US",2018,,,,
USR0000COCR,"OAK CREEK CALIFORNIA, CA US",2018,0,0,195,77
USW00023272,"SAN FRANCISCO DOWNTOWN, CA US",2018,0,0,58,0
USR0000CFRI,"FRIEND MOUNTAIN CALIFORNIA, CA US",2018,0,3,149,39
USW00023271,"SACRAMENTO 5 ESE, CA US",2018,0,0,230,90
USW00023277,"WATSONVILLE MUNICIPAL AIRPORT, CA US",2018,0,0,160,1
US1CAMA0009,"LAKE MADERA 1.3 NNE, CA US",2018,,,,
USC00043855,"HAYFIELD PUMPING PLANT, CA US",2018,,,,
US1CAMA0002,"RAYMOND 6.8 NE, CA US",2018,,,,
USS0019L06S,"POISON FLAT, CA US",2018,3,26,76,0
USR0000CDNK,"DINKEY CALIFORNIA, CA US",2018,0,5,130,2
USR0000CSLA,"SLATER BUTTE CALIFORNIA, CA US",2018,0,19,130,13
US1CASD0030,"LA JOLLA 2.1 SE, CA US",2018,,,,
USC00040343,"ASH MOUNTAIN, CA US",2018,0,0,241,102
USS0020H01S,"STATE LINE, CA US",2018,1,17,93,2
US1CASD0012,"POWAY 3.2NE, CA US",2018,,,,
USR0000CDMC,"DEMOCRAT CALIFORNIA, CA US",2018,0,0,245,99
US1CASD0011,"ENCINITAS 2.7N, CA US",2018,,,,
US1CASD0018,"CHULA VISTA 6.3E, CA US",2018,,,,
USW00093110,"OXNARD VENTURA CO AIRPORT, CA US",2018,,,,
USW00093112,"NORTH ISLAND NAS, CA US",2018,0,0,205,1
US1CASM0016,"HALF MOON BAY 0.7 NW, CA US",2018,,,,
US1CASM0015,"SAN MATEO 3.4 SSW, CA US",2018,,,,
USC00044710,"LAKESIDE 2 E, CA US",2018,,,,
USR0000CBIR,"BIG ROCK CALIFORNIA, CA US",2018,0,0,167,15
US1CACC0028,"EL CERRITO 1.3 NW, CA US",2018,,,,
USC00044712,"LAKE SOLANO, CA US",2018,0,0,231,97
USR0000CBIP,"BIG PINES CALIFORNIA, CA US",2018,0,8,138,0
USC00045802,"MONTEREY WEATHER FORECAST OFFICE, CA US",2018,0,0,55,0
USC00044957,"LINDSAY, CA US",2018,0,0,244,108
USR0000CHUR,"HURLEY CALIFORNIA, CA US",2018,0,0,229,98
USC00049185,"UPPER SAN LEANDRO FILTERS, CA US",2018,,,,
USR0000COAM,"OAK MOUNTAIN CALIFORNIA, CA US",2018,0,0,199,74
USS0020H02S,"CROWDER FLAT, CA US",2018,1,7,110,2
US1CASD0001,"SAN MARCOS 2.5 ENE, CA US",2018,,,,
USR0000COAK,"OAK KNOLL CALIFORNIA, CA US",2018,0,0,191,89
US1CASD0004,"OCEANSIDE 8.4NE, CA US",2018,,,,
US1CASM0001,"PACIFICA 0.3 W, CA US",2018,,,,
US1CASD0009,"EL CAJON 1.5WSW, CA US",2018,,,,
US1CASD0008,"ESCONDIDO 5.2NNW, CA US",2018,,,,
US1CASM0006,"FOSTER CITY 1.3 SW, CA US",2018,,,,
USR0000CSIM,"SIMS CALIFORNIA, CA US",2018,0,0,203,83
USR0000CYUR,"YUROK CALIFORNIA, CA US",2018,0,0,189,45
US1CASM0007,"HALF MOON BAY 0.5 SSW, CA US",2018,,,,
USC00041697,"CHERRY VALLEY DAM, CA US",2018,0,0,170,56
US1CACC0037,"CONCORD 2.1 SE, CA US",2018,,,,
US1CASN0049,"SEBASTOPOL 1.1 SSE, CA US",2018,,,,
USR0000CSHQ,"SHADEQUARTER CALIFORNIA, CA US",2018,0,1,172,55
USS0020K30S,"SQUAW VALLEY G.C., CA US",2018,0,38,41,0
USW00093134,"LOS ANGELES DOWNTOWN USC, CA US",2018,0,0,282,25
USC00042319,"DEATH VALLEY, CA US",2018,0,0,316,210
USR0000CSHI,"SHIP MOUNTAIN CALIFORNIA, CA US",2018,0,25,72,0
USR0000CSHH,"SCHOOL HOUSE CALIFORNIA, CA US",2018,0,0,78,1
USR0000CWPK,"WHITAKER PEAK CALIFORNIA, CA US",2018,0,0,184,31
US1CACC0040,"EL CERRITO 0.3 WNW, CA US",2018,,,,
USR0000CFOU,"FOUNTAIN SPRINGS CALIFORNIA, CA US",2018,0,0,256,109
USC00043402,"GIBRALTAR DAM NUMBER 2, CA US",2018,,,,
USR0000CFOR,"FORESTHILL CALIFORNIA, CA US",2018,0,3,174,38
USR0000CBGR,"BANGOR CALIFORNIA, CA US",2018,0,0,220,85
USC00040379,"AUBERRY 2 NW, CA US",2018,0,0,206,89
USC00040136,"ALPINE, CA US",2018,0,0,272,57
USR0000CYUC,"YUCCA VALLEY CALIFORNIA, CA US",2018,0,0,236,116
USC00043882,"HEARST CASTLE, CA US",2018,0,0,173,17
USS0020K31S,"CSS LAB, CA US",2018,0,25,93,0
USR0000CBEV,"BEVERLY HILLS CALIFORNIA, CA US",2018,0,0,297,73
USR0000CWOL,"WOLVERTON CALIFORNIA, CA US",2018,0,2,183,47
USR0000CBEU,"BEAUMONT CALIFORNIA, CA US",2018,0,0,246,90
USR0000CWOO,"WOODACRE CALIFORNIA, CA US",2018,,,,
USC00043896,"HEMET, CA US",2018,0,0,280,113
USR0000CSHA,"SHAVER CALIFORNIA, CA US",2018,0,3,134,6
USC00044500,"KENTFIELD, CA US",2018,0,0,210,16
USC00042327,"DEEP CANYON LAB, CA US",2018,,,,
USW00093115,"IMPERIAL BEACH REAM FIELD NAS, CA US",2018,,,,
USC00040144,"ALTADENA, CA US",2018,,,,
US1CANV0014,"LAKE OF THE PINES 1.0 WSW, CA US",2018,,,,
USR0000CLHO,"LOST HORSE CALIFORNIA, CA US",2018,0,0,214,74
USS0020K04S,"INDEPENDENCE CAMP, CA US",2018,2,23,83,0
USR0000CASC,"ASH CREEK CALIFORNIA, CA US",2018,0,0,170,42
US1CASN0090,"FORESTVILLE 0.7 SW, CA US",2018,,,,
USC00047109,"POTTER VALLEY POWERHOUSE, CA US",2018,0,0,218,86
USR0000CRUS,"RUSH CREEK CALIFORNIA, CA US",2018,0,24,112,16
US1CASN0098,"CAZADERO 5.6 W, CA US",2018,,,,
US1CARV0043,"MURRIETA 3.6 NNE, CA US",2018,,,,
USC00049781,"WOODLAND 1 WNW, CA US",2018,0,0,235,91
US1CALK0009,"UPPER LAKE 3.6 W, CA US",2018,,,,
USS0020K05S,"INDEPENDENCE LAKE, CA US",2018,0,44,63,0
US1CAED0029,"COOL 2.0 ENE, CA US",2018,,,,
USR0000CPOP,"POPPY PARK CALIFORNIA, CA US",2018,0,0,233,103
US1CAED0027,"PLACERVILLE 6.6 ESE, CA US",2018,,,,
USR0000CPOV,"POVERTY CALIFORNIA, CA US",2018,0,0,168,11
USR0000CPOT,"POTRERO CALIFORNIA, CA US",2018,0,0,264,77
US1CAED0023,"EL DORADO HILLS 0.9 NNW, CA US",2018,,,,
US1CAED0021,"EL DORADO HILLS 0.7 NNE, CA US",2018,,,,
US1CASN0080,"GLEN ELLEN 1.5 N, CA US",2018,,,,
US1CAED0020,"SOUTH LAKE TAHOE 4.9 SW, CA US",2018,,,,
US1CARV0038,"RIVERSIDE 5.8 E, CA US",2018,,,,
US1CARV0034,"PERRIS 10.6 W, CA US",2018,,,,
US1CARV0036,"SUNNYSLOPE 1.6 W, CA US",2018,,,,
US1CASN0088,"OCCIDENTAL 2.8 SW, CA US",2018,,,,
USC00047111,"POWAY VALLEY, CA US",2018,,,,
USR0000CARR,"ARROYO SECO MT. DIABLO CALIF, CA US",2018,0,0,259,86
US1CASN0089,"HEALDSBURG 12.6 NNW, CA US",2018,,,,
US1CASZ0006,"BOULDER CREEK 3.6 NE, CA US",2018,,,,
US1CASM0032,"SAN MATEO 0.8 NE, CA US",2018,,,,
US1CAED0017,"CAMINO 2.0 WSW, CA US",2018,,,,
US1CAED0011,"POLLOCK PINES 0.5 NW, CA US",2018,,,,
US1CASN0070,"GLEN ELLEN 1.9 WNW, CA US",2018,,,,
USC00048218,"SIERRAVILLE RANGER STATION, CA US",2018,,,,
US1CASN0071,"ROHNERT PARK 0.9 SW, CA US",2018,,,,
USR0000CRSP,"ROSE PEAK CALIFORNIA, CA US",2018,0,0,133,7
USC00049785,"WOODLAND HILLS PIERCE COLLEGE, CA US",2018,0,0,313,122
USR0000CLGA,"LOS GATOS CALIFORNIA, CA US",2018,0,0,196,30
US1CANV0001,"NEVADA CITY 3.4 NNW, CA US",2018,,,,
USR0000CJAR,"JARBO GAP CALIFORNIA, CA US",2018,,,,
US1CARV0050,"WINCHESTER 6.5 S, CA US",2018,,,,
US1CAED0003,"PLACERVILLE 3.7 SW, CA US",2018,,,,
USC00040741,"BIG BEAR LAKE, CA US",2018,0,6,134,0
USC00040983,"BORREGO DESERT PARK, CA US",2018,0,0,321,178
USC00042920,"EXCHEQUER DAM, CA US",2018,,,,
USR0000CPNN,"PINNACLES CALIFORNIA, CA US",2018,0,0,258,98
US1CASN0061,"SANTA ROSA 1.3 NW, CA US",2018,,,,
US1CASN0063,"WINDSOR 0.6 NNE, CA US",2018,,,,
USR0000CAPT,"ALDER POINT CALIFORNIA, CA US",2018,0,0,180,47
USW00093193,"FRESNO YOSEMITE INTERNATIONAL, CA US",2018,0,0,246,111
USR0000CLDR,"LADDER BUTTE CALIFORNIA, CA US",2018,0,17,107,1
USW00093197,"SANTA MONICA MUNICIPAL AIRPORT, CA US",2018,0,0,226,1
US1CASZ0028,"SOQUEL 0.8 NE, CA US",2018,,,,
USR0000CCSH,"CASHMAN CALIFORNIA, CA US",2018,0,1,171,61
US1CASK0009,"FORKS OF SALMON 1.0 NW, CA US",2018,,,,
USC00042934,"FAIRFIELD, CA US",2018,0,0,217,62
USC00049325,"VICTORVILLE, CA US",2018,0,0,242,117
USS0019L17S,"LOBDELL LAKE, CA US",2018,5,39,62,0
US1CASK0010,"DORRIS 0.2 SW, CA US",2018,,,,
USC00049582,"WEST POINT, CA US",2018,,,,
USW00093184,"SANTA ANA JOHN WAYNE AIRPORT, CA US",2018,0,0,259,11
USC00046074,"NAPA STATE HOSPITAL, CA US",2018,0,0,213,23
USR0000CCRN,"CORNING CALIFORNIA, CA US",2018,0,0,228,102
USS0020L10S,"FALLEN LEAF, CA US",2018,0,8,100,0
USC00042706,"EL CAJON, CA US",2018,0,0,293,48
USR0000CCRA,"CRANE FLAT LOOKOUT CALIFORNIA, CA US",2018,0,14,109,0
USS0020K25S,"WARD CREEK NUMBER 3, CA US",2018,1,14,102,0
USR0000CROU,"ROUND MOUNTAIN, CA US",2018,0,15,126,21
USC00042709,"EL CAPITAN DAM, CA US",2018,,,,
USR0000CPKR,"PARK RIDGE CALIFORNIA, CA US",2018,0,20,95,0
USR0000CCRE,"CRESTVIEW CALIFORNIA, CA US",2018,16,14,127,4
USR0000CROS,"ROSE VALLEY CALIFORNIA, CA US",2018,0,0,215,44
USR0000CCRZ,"CRAZY PEAK CALIFORNIA, CA US",2018,0,1,133,8
USC00040521,"BARSTOW, CA US",2018,0,0,239,131
USC00042941,"FAIRMONT, CA US",2018,0,0,220,82
USR0000CANZ,"ANZA CALIFORNIA, CA US",2018,0,0,205,67
US1CASF0004,"SAN FRANCISCO 1.1 SW, CA US",2018,,,,
USR0000CCRR,"CARPENTER RIDGE CALIFORNIA, CA US",2018,0,8,136,15
USR0000CCRT,"CRANSTON CALIFORNIA, CA US",2018,0,0,282,113
US1CANV0035,"GRASS VALLEY 1.3 NNE, CA US",2018,,,,
USC00049111,"TWITCHELL DAM, CA US",2018,0,,,
USR0000CNFO,"NORTH FORK CALIFORNIA, CA US",2018,0,0,236,99
USC00043800,"HARRY L. ENGLEBRIGHT DAM, CA US",2018,,,,
USC00042713,"EL CENTRO 2 SSW, CA US",2018,,,,
USC00048014,"SAUGUS POWER PLANT 1, CA US",2018,,,,
USS0019L39S,"SPRATT CREEK, CA US",2018,0,8,125,5
US1CAMP0002,"MARIPOSA 12.5 E, CA US",2018,,,,
USR0000CROD,"RODEO VALLEY, CA US",2018,0,0,185,51
USR0000CROC,"ROCK CREEK, CA US",2018,0,11,143,8
USR0000CLAP,"LA PANZA CALIFORNIA, CA US",2018,0,0,253,96
USR0000CALD,"ALDER SPRINGS CALIFORNIA, CA US",2018,0,2,155,22
USR0000CLAU,"LAUFMAN CALIFORNIA, CA US",2018,0,8,159,48
USR0000CLAS,"LASSEN LODGE CALIFORNIA, CA US",2018,0,0,181,54
USS0019L13S,"VIRGINIA LAKES RIDGE, CA US",2018,3,38,61,0
USW00094299,"ALTURAS MUNICIPAL AIRPORT, CA US",2018,,4,151,45
USR0000CLAR,"LAURAL MOUNTAIN CALIFORNIA, CA US",2018,0,0,203,84
USC00041879,"COARSEGOLD 4 SE, CA US",2018,,,,
USS0020K27S,"TAHOE CITY CROSS, CA US",2018,0,10,94,0
USR0000CLAH,"LA HONDA CALIFORNIA, CA US",2018,,,,
USR0000CPIL,"PILOT HILL CALIFORNIA, CA US",2018,0,0,220,79
USR0000CLAG,"MOUNT LAGUNA CALIFORNIA, CA US",2018,0,1,164,14
USR0000CPIK,"PIKE CO LOOKOUT CALIFORNIA, CA US",2018,0,2,171,21
USS0020K03S,"INDEPENDENCE CREEK, CA US",2018,3,14,105,1
US1CANV0041,"NEVADA CITY 1.7 SSE, CA US",2018,,,,
USR0000CTRI,"TRINITY CAMP CALIFORNIA, CA US",2018,0,0,168,43
USR0000CALT,"LOS ALTOS CALIFORNIA, CA US",2018,0,0,220,25
USC00042964,"FALL RIVER MILLS, CA US",2018,,,,
USR0000CTRM,"TRIMMER CALIFORNIA, CA US",2018,0,0,241,102
USR0000CLAY,"LAYTONVILLE CALIFORNIA, CA US",2018,0,0,216,67
USR0000CTRA,"LAS TRAMPAS CALIFORNIA, CA US",2018,0,0,164,33
USS0019L38S,"LEAVITT LAKE, CA US",2018,3,43,21,0
USR0000CALP,"ALPINE CALIFORNIA, CA US",2018,0,0,250,50
USW00053139,"STOVEPIPE WELLS 1 SW, CA US",2018,0,0,289,189
USC00046657,"PALOMAR MOUNTAIN OBSERVATORY, CA US",2018,0,1,152,13
USR0000CFEN,"FENCE MEADOW CALIFORNIA, CA US",2018,0,1,169,51
USC00042294,"DAVIS 2 WSW EXPERIMENTAL FARM, CA US",2018,0,0,230,79
USR0000CHIG,"HIGH SIERRA CALIFORNIA, CA US",2018,0,10,132,2
USC00047741,"SAN DIEGO SEAWORLD, CA US",2018,,,,
USR0000CWEE,"WEED AIRPORT CALIFORNIA, CA US",2018,0,1,166,56
USC00048606,"STRAWBERRY VALLEY, CA US",2018,0,1,175,24
USW00053150,"YOSEMITE VILLAGE 12 W, CA US",2018,,,,
USW00053151,"FALLBROOK 5 NE, CA US",2018,0,0,281,47
USW00053152,"SANTA BARBARA 11 W, CA US",2018,0,0,156,0
USC00044484,"KELSEY 1 N, CA US",2018,,,,
USC00043157,"FORT BIDWELL, CA US",2018,1,11,144,31
USC00046663,"PALOS VERDES ES FC43D, CA US",2018,,,,
USR0000CWES,"WESTWOOD CALIFORNIA, CA US",2018,0,19,115,6
USC00044259,"INDIO FIRE STATION, CA US",2018,0,0,334,178
USC00047767,"SAN FRANCISCO OCEANSIDE, CA US",2018,,,,
USR0000CHGL,"HIGH GLADE LOOKOUT CALIFORNIA, CA US",2018,0,6,144,11
USR0000CLOP,"LOS PRIETOS CALIFORNIA, CA US",2018,0,0,280,97
USC00043161,"FORT BRAGG 5 N, CA US",2018,0,0,11,0
US1CASJ0011,"STOCKTON 2.5 NE, CA US",2018,,,,
USC00046675,"PANOCHE 2 W, CA US",2018,,,,
USR0000CFAW,"FAWNSKIN CALIFORNIA, CA US",2018,1,4,145,0
USC00042090,"COVINA CITY YARD FC387B, CA US",2018,,,,
USC00045360,"MARKLEY COVE, CA US",2018,0,0,223,91
USR0000CFAN,"FANCHER CREEK CALIFORNIA, CA US",2018,0,0,242,109
USR0000CHER,"HERNANDEZ CALIFORNIA, CA US",2018,0,0,187,38
USC00045118,"LOS BANOS, CA US",2018,,,,
USC00045119,"LOS BANOS ARBURUA RANCH, CA US",2018,,,,
USC00047779,"SAN GABRIEL DAM FC425B E, CA US",2018,,,,
USC00047776,"SAN GABRIEL CANYON PH, CA US",2018,,,,
US1CASJ0001,"LINDEN 5.8 ENE, CA US",2018,,,,
USC00043191,"FORT ROSS, CA US",2018,,,,
USC00047306,"REDLANDS, CA US",2018,,,,
US1CARV0005,"HEMET 4.1 ENE, CA US",2018,,,,
USR0000CHEL,"HELL HOLE CALIFORNIA, CA US",2018,0,11,138,8
US1CARV0008,"CORONA 12.8 SE, CA US",2018,,,,
USC00046699,"PARKER RESRVOIR, CA US",2018,,,,
USR0000CPUL,"PULGAS CALIFORNIA, CA US",2018,0,0,198,16
USC00047785,"SAN GABRIEL FIRE DEPARTMENT, CA US",2018,,,,
USR0000CWAL,"WALKER PASS CALIFORNIA, CA US",2018,0,0,181,75
USR0000CWAK,"WALKER CALIFORNIA, CA US",2018,0,10,161,52
USC00045378,"MARTINEZ WATER PLANT, CA US",2018,,,,
USR0000CWAR,"WARM SPRINGS CALIFORNIA, CA US",2018,0,0,200,58
USW00053119,"HANFORD MUNICIPAL AIRPORT, CA US",2018,0,0,249,114
USC00045151,"LOST HILLS, CA US",2018,,,,
USC00040931,"BOCA, CA US",2018,7,8,150,36
USR0000CLKL,"LOWER KLAMATH CALIFORNIA, CA US",2018,0,4,142,25
USW00053120,"RAMONA AIRPORT, CA US",2018,0,0,285,70
USW00053121,"OCEANSIDE MUNICIPAL AIRPORT, CA US",2018,0,0,238,4
USC00044297,"IRON MOUNTAIN, CA US",2018,,,,
USC00047326,"REDONDO BEACH, CA US",2018,0,0,222,4
US1CARV0020,"NORCO 2.3 SE, CA US",2018,,,,
USC00049742,"WINTERS, CA US",2018,0,0,240,91
USR0000CHAS,"HASTINGS CALIFORNIA, CA US",2018,0,0,205,35
USR0000CHAY,"HAYFORK CALIFORNIA, CA US",2018,0,0,196,80
USR0000CHAW,"HAWKEYE CALIFORNIA, CA US",2018,0,0,178,23
USR0000CLIN,"LINCOLN CALIFORNIA, CA US",2018,0,0,229,97
USR0000CRUT,"RUTH CALIFORNIA, CA US",2018,0,0,196,58
USR0000CJER,"JERSEYDALE CALIFORNIA, CA US",2018,0,0,185,49
USC00047339,"REDWOOD CITY, CA US",2018,0,0,198,10
USR0000CPRD,"PANOCHE ROAD CALIFORNIA, CA US",2018,0,0,201,63