zcta5,county,cntyname,zipname,pop2k,afact
ZIP Census Tabulation Area,county,cntyname,zipname,"Total Pop, 2000 census",zcta5 to county allocation factor
6390,36103,Suffolk NY,FISHERS ISLAND,289,1
10001,36061,New York NY,NEW YORK,17310,1
10002,36061,New York NY,NEW YORK,84870,1
10003,36061,New York NY,NEW YORK,53673,1
10004,36061,New York NY,GOVERNORS ISLAND,1225,1
10005,36061,New York NY,NEW YORK,884,1
10006,36061,New York NY,NEW YORK,1447,1
10007,36061,New York NY,NEW YORK,3522,1
10009,36061,New York NY,NEW YORK,58595,1
10010,36061,New York NY,NEW YORK,26408,1
10011,36061,New York NY,NEW YORK,46669,1
10012,36061,New York NY,NEW YORK,26000,1
10013,36061,New York NY,NEW YORK,25042,1
10014,36061,New York NY,NEW YORK,32667,1
10016,36061,New York NY,NEW YORK,51217,1
10017,36061,New York NY,NEW YORK,16201,1
10018,36061,New York NY,NEW YORK,4255,1
10019,36061,New York NY,NEW YORK,36012,1
10020,36061,New York NY,NEW YORK,1,1
10021,36061,New York NY,NEW YORK,102078,1
10022,36061,New York NY,NEW YORK,30642,1
10023,36061,New York NY,NEW YORK,62206,1
10024,36061,New York NY,NEW YORK,61414,1
10025,36061,New York NY,NEW YORK,97086,1
10026,36061,New York NY,NEW YORK,30377,1
10027,36061,New York NY,NEW YORK,56168,1
10028,36061,New York NY,NEW YORK,44987,1
10029,36061,New York NY,NEW YORK,75390,1
10030,36061,New York NY,NEW YORK,25847,1
10031,36061,New York NY,NEW YORK,60221,1
10032,36061,New York NY,NEW YORK,63842,1
10033,36061,New York NY,NEW YORK,58259,1
10034,36061,New York NY,NEW YORK,41756,1
10035,36061,New York NY,NEW YORK,32702,1
10036,36061,New York NY,NEW YORK,18751,1
10037,36061,New York NY,NEW YORK,16984,1
10038,36061,New York NY,NEW YORK,15574,1
10039,36061,New York NY,NEW YORK,21737,1
10040,36061,New York NY,NEW YORK,46599,1
10044,36061,New York NY,NEW YORK,9520,1
10048,36061,New York NY,NEW YORK,55,1
10069,36061,New York NY,10069,1403,1
10128,36061,New York NY,NEW YORK,59856,1
10162,36061,New York NY,NEW YORK,1726,1
10165,36061,New York NY,NEW YORK,7,1
10170,36061,New York NY,NEW YORK,1,1
10171,36061,New York NY,NEW YORK,1,1
10280,36061,New York NY,NEW YORK,6614,1
10282,36061,New York NY,NEW YORK,1574,1
10301,36085,Richmond NY,STATEN ISLAND,38805,1
10302,36085,Richmond NY,STATEN ISLAND,16406,1
10303,36085,Richmond NY,STATEN ISLAND,23530,1
10304,36085,Richmond NY,STATEN ISLAND,38972,1
10305,36085,Richmond NY,STATEN ISLAND,38450,1
10306,36085,Richmond NY,STATEN ISLAND,55698,1
10307,36085,Richmond NY,STATEN ISLAND,11669,1
10308,36085,Richmond NY,STATEN ISLAND,26451,1
10309,36085,Richmond NY,STATEN ISLAND,27207,1
10310,36085,Richmond NY,STATEN ISLAND,22852,1
10312,36085,Richmond NY,STATEN ISLAND,58867,1
10314,36085,Richmond NY,STATEN ISLAND,84821,1
10451,36005,Bronx NY,BRONX,40961,1
10452,36005,Bronx NY,BRONX,72138,1
10453,36005,Bronx NY,BRONX,76775,1
10454,36005,Bronx NY,BRONX,34976,1
10455,36005,Bronx NY,BRONX,37465,1
10456,36005,Bronx NY,BRONX,76656,1
10457,36005,Bronx NY,BRONX,69048,1
10458,36005,Bronx NY,BRONX,77840,1
10459,36005,Bronx NY,BRONX,39080,1
10460,36005,Bronx NY,BRONX,53707,1
10461,36005,Bronx NY,BRONX,49808,1
10462,36005,Bronx NY,BRONX,72077,1
10463,36005,Bronx NY,BRONX,57756,0.881
10463,36061,New York NY,BRONX,7820,0.119
10464,36005,Bronx NY,BRONX,4634,1
10465,36005,Bronx NY,BRONX,42500,1
10466,36005,Bronx NY,BRONX,68787,1
10467,36005,Bronx NY,BRONX,94342,1
10468,36005,Bronx NY,BRONX,78309,1
10469,36005,Bronx NY,BRONX,63345,1
10470,36005,Bronx NY,BRONX,15780,1
10471,36005,Bronx NY,BRONX,23413,1
10472,36005,Bronx NY,BRONX,64867,1
10473,36005,Bronx NY,BRONX,56166,1
10474,36005,Bronx NY,BRONX,11354,1
10475,36005,Bronx NY,BRONX,38086,1
10501,36119,Westchester NY,AMAWALK,843,1
10502,36119,Westchester NY,ARDSLEY,4935,1
10503,36119,Westchester NY,ARDSLEY ON HUDSO,115,1
10504,36119,Westchester NY,ARMONK,7185,1
10506,36119,Westchester NY,BEDFORD,5537,1
10507,36119,Westchester NY,BEDFORD HILLS,7646,1
10509,36079,Putnam NY,BREWSTER,18830,0.996
10509,36119,Westchester NY,BREWSTER,83,0.004
10510,36119,Westchester NY,BRIARCLIFF MANOR,9963,1
10511,36119,Westchester NY,BUCHANAN,2189,1
10512,36079,Putnam NY,CARMEL,23924,1
10514,36119,Westchester NY,CHAPPAQUA,12004,1
10516,36079,Putnam NY,COLD SPRING,5190,1
10518,36119,Westchester NY,CROSS RIVER,1552,1
10519,36119,Westchester NY,CROTON FALLS,156,1
10520,36119,Westchester NY,CROTON ON HUDSON,12590,1
10522,36119,Westchester NY,DOBBS FERRY,10622,1
10523,36119,Westchester NY,ELMSFORD,7489,1
10524,36079,Putnam NY,GARRISON,4232,1
10526,36119,Westchester NY,GOLDENS BRIDGE,1652,1
10527,36119,Westchester NY,GRANITE SPRINGS,1097,1
10528,36119,Westchester NY,HARRISON,12312,1
10530,36119,Westchester NY,HARTSDALE,12453,1
10532,36119,Westchester NY,HAWTHORNE,5582,1
10533,36119,Westchester NY,IRVINGTON,7464,1
10535,36119,Westchester NY,JEFFERSON VALLEY,416,1
10536,36119,Westchester NY,KATONAH,10612,1
10537,36079,Putnam NY,LAKE PEEKSKILL,2032,1
10538,36119,Westchester NY,LARCHMONT,16780,1
10541,36079,Putnam NY,MAHOPAC,25452,0.954
10541,36119,Westchester NY,MAHOPAC,1241,0.046
10543,36119,Westchester NY,MAMARONECK,19427,1
10546,36119,Westchester NY,MILLWOOD,1224,1
10547,36119,Westchester NY,MOHEGAN LAKE,8544,1
10548,36119,Westchester NY,MONTROSE,4076,1
10549,36119,Westchester NY,MOUNT KISCO,15327,1
10550,36119,Westchester NY,MOUNT VERNON,38284,1
10552,36119,Westchester NY,MOUNT VERNON,19948,1
10553,36119,Westchester NY,MOUNT VERNON,10102,1
10560,36119,Westchester NY,NORTH SALEM,4941,1
10562,36119,Westchester NY,OSSINING,31035,1
10566,36119,Westchester NY,CORTLANDT MANOR,22441,1
10567,36119,Westchester NY,10567,17805,1
10570,36119,Westchester NY,PLEASANTVILLE,12366,1
10573,36119,Westchester NY,RYE BROOK,36300,1
10576,36119,Westchester NY,POUND RIDGE,4530,1
10577,36119,Westchester NY,PURCHASE,3454,1
10578,36119,Westchester NY,PURDYS,661,1
10579,36079,Putnam NY,PUTNAM VALLEY,7945,1
10580,36119,Westchester NY,RYE,16737,1
10583,36119,Westchester NY,HEATHCOTE,39091,1
10588,36119,Westchester NY,SHRUB OAK,2006,1
10589,36119,Westchester NY,SOMERS,7363,1
10590,36119,Westchester NY,SOUTH SALEM,7212,1
10591,36119,Westchester NY,NORTH TARRYTOWN,21590,1
10594,36119,Westchester NY,THORNWOOD,5460,1
10595,36119,Westchester NY,VALHALLA,7482,1
10597,36119,Westchester NY,WACCABUC,445,1
10598,36119,Westchester NY,YORKTOWN HEIGHTS,29368,1
10601,36119,Westchester NY,WHITE PLAINS,8991,1
10603,36119,Westchester NY,WHITE PLAINS,16389,1
10604,36119,Westchester NY,EAST WHITE PLAIN,10430,1
10605,36119,Westchester NY,WHITE PLAINS,17414,1
10606,36119,Westchester NY,WHITE PLAINS,15733,1
10607,36119,Westchester NY,WHITE PLAINS,7493,1
10701,36119,Westchester NY,YONKERS,63715,1
10703,36119,Westchester NY,YONKERS,20410,1
10704,36119,Westchester NY,YONKERS,29158,1
10705,36119,Westchester NY,YONKERS,38115,1
10706,36119,Westchester NY,HASTINGS ON HUDS,9187,1
10707,36119,Westchester NY,TUCKAHOE,9447,1
10708,36119,Westchester NY,BRONXVILLE,22411,1
10709,36119,Westchester NY,EASTCHESTER,9093,1
10710,36119,Westchester NY,YONKERS,25202,1
10801,36119,Westchester NY,NEW ROCHELLE,36322,1
10803,36119,Westchester NY,PELHAM,12124,1
10804,36119,Westchester NY,NEW ROCHELLE,14131,1
10805,36119,Westchester NY,NEW ROCHELLE,17957,1
10901,36087,Rockland NY,SUFFERN,21760,1
10913,36087,Rockland NY,BLAUVELT,5076,1
10916,36071,Orange NY,CAMPBELL HALL,4070,1
10917,36071,Orange NY,CENTRAL VALLEY,1650,1
10918,36071,Orange NY,CHESTER,11492,1
10919,36071,Orange NY,CIRCLEVILLE,562,1
10920,36087,Rockland NY,CONGERS,8937,1
10921,36071,Orange NY,FLORIDA,3879,1
10923,36087,Rockland NY,GARNERVILLE,9273,1
10924,36071,Orange NY,GOSHEN,12308,1
10925,36071,Orange NY,GREENWOOD LAKE,4986,1
10926,36071,Orange NY,HARRIMAN,3275,1
10927,36087,Rockland NY,HAVERSTRAW,10117,1
10928,36071,Orange NY,HIGHLAND FALLS,5358,1
10930,36071,Orange NY,HIGHLAND MILLS,7400,1
10931,36087,Rockland NY,HILLBURN,881,1
10940,36071,Orange NY,SCOTCHTOWN,42349,0.988
10940,36105,Sullivan NY,SCOTCHTOWN,511,0.012
10941,36071,Orange NY,MIDDLETOWN,13118,1
10950,36071,Orange NY,MONROE,38791,1
10952,36087,Rockland NY,MONSEY,31947,1
10954,36087,Rockland NY,BARDONIA,23189,1
10956,36087,Rockland NY,NEW CITY,31071,1
10958,36071,Orange NY,NEW HAMPTON,2967,1
10960,36087,Rockland NY,NYACK,14687,1
10962,36087,Rockland NY,ORANGEBURG,5580,1
10963,36071,Orange NY,OTISVILLE,4660,1
10964,36087,Rockland NY,PALISADES,1282,1
10965,36087,Rockland NY,PEARL RIVER,14522,1
10968,36087,Rockland NY,PIERMONT,2424,1
10969,36071,Orange NY,PINE ISLAND,1084,1
10970,36087,Rockland NY,POMONA,9222,1
10973,36071,Orange NY,SLATE HILL,1887,1
10974,36071,Orange NY,STERLINGTON,4,0.001
10974,36087,Rockland NY,STERLINGTON,3179,0.999
10975,36071,Orange NY,SOUTHFIELDS,307,1
10976,36087,Rockland NY,SPARKILL,1795,1
10977,36087,Rockland NY,CHESTNUT RIDGE,49211,1
10980,36087,Rockland NY,STONY POINT,12670,1
10983,36087,Rockland NY,TAPPAN,5756,1
10984,36087,Rockland NY,THIELLS,2298,1
10985,36071,Orange NY,THOMPSON RIDGE,57,1
10986,36087,Rockland NY,TOMKINS COVE,1739,1
10987,36071,Orange NY,TUXEDO PARK,3148,1
10989,36087,Rockland NY,VALLEY COTTAGE,9381,1
10990,36071,Orange NY,WARWICK,19315,1
10992,36071,Orange NY,WASHINGTONVILLE,9367,1
10993,36087,Rockland NY,WEST HAVERSTRAW,4263,1
10994,36087,Rockland NY,WEST NYACK,6493,1
10996,36071,Orange NY,WEST POINT,7126,1
10998,36071,Orange NY,WESTTOWN,3648,1
11001,36059,Nassau NY,FLORAL PARK,22368,0.877
11001,36081,Queens NY,FLORAL PARK,3143,0.123
11003,36059,Nassau NY,ALDEN MANOR,40507,1
11004,36081,Queens NY,GLEN OAKS,14682,1
11005,36081,Queens NY,FLORAL PARK,2195,1
11010,36059,Nassau NY,FRANKLIN SQUARE,24778,1
11020,36059,Nassau NY,GREAT NECK,4043,1
11021,36059,Nassau NY,GREAT NECK,19623,1
11023,36059,Nassau NY,GREAT NECK,8501,1
11024,36059,Nassau NY,KINGS POINT CONT,7564,1
11030,36059,Nassau NY,PLANDOME,17148,1
11040,36059,Nassau NY,HILLSIDE MANOR,37476,0.957
11040,36081,Queens NY,HILLSIDE MANOR,1681,0.043
11042,36059,Nassau NY,NEW HYDE PARK,513,1
11050,36059,Nassau NY,PORT WASHINGTON,28545,1
11096,36059,Nassau NY,11096,7975,1
11101,36081,Queens NY,ASTORIA,25595,1
11102,36081,Queens NY,ASTORIA,36291,1
11103,36081,Queens NY,ASTORIA,44321,1
11104,36081,Queens NY,SUNNYSIDE,29506,1
11105,36081,Queens NY,ASTORIA,42117,1
11106,36081,Queens NY,ASTORIA,43130,1
11201,36047,Kings NY,BROOKLYN,47746,1
11203,36047,Kings NY,BROOKLYN,84498,1
11204,36047,Kings NY,BROOKLYN,74880,1
11205,36047,Kings NY,BROOKLYN,35622,1
11206,36047,Kings NY,BROOKLYN,69032,1
11207,36047,Kings NY,BROOKLYN,86551,1
11208,36047,Kings NY,BROOKLYN,87165,1
11209,36047,Kings NY,BROOKLYN,69840,1
11210,36047,Kings NY,BROOKLYN,62308,1
11211,36047,Kings NY,BROOKLYN,85089,1
11212,36047,Kings NY,BROOKLYN,85161,1
11213,36047,Kings NY,BROOKLYN,65440,1
11214,36047,Kings NY,BROOKLYN,83546,1
11215,36047,Kings NY,BROOKLYN,63001,1
11216,36047,Kings NY,BROOKLYN,55775,1
11217,36047,Kings NY,BROOKLYN,35353,1
11218,36047,Kings NY,BROOKLYN,74611,1
11219,36047,Kings NY,BROOKLYN,85987,1
11220,36047,Kings NY,BROOKLYN,92718,1
11221,36047,Kings NY,BROOKLYN,76363,1
11222,36047,Kings NY,BROOKLYN,39360,1
11223,36047,Kings NY,BROOKLYN,77691,1
11224,36047,Kings NY,BROOKLYN,51205,1
11225,36047,Kings NY,BROOKLYN,63774,1
11226,36047,Kings NY,BROOKLYN,106154,1
11228,36047,Kings NY,BROOKLYN,41172,1
11229,36047,Kings NY,BROOKLYN,80554,1
11230,36047,Kings NY,BROOKLYN,88933,1
11231,36047,Kings NY,BROOKLYN,32974,1
11232,36047,Kings NY,BROOKLYN,27723,1
11233,36047,Kings NY,BROOKLYN,61955,1
11234,36047,Kings NY,BROOKLYN,86898,1
11235,36047,Kings NY,BROOKLYN,77451,1
11236,36047,Kings NY,BROOKLYN,96301,1
11237,36047,Kings NY,BROOKLYN,48910,1
11238,36047,Kings NY,BROOKLYN,48965,1
11239,36047,Kings NY,BROOKLYN,14620,1
11354,36081,Queens NY,FLUSHING,54329,1
11355,36081,Queens NY,FLUSHING,83281,1
11356,36081,Queens NY,COLLEGE POINT,20444,1
11357,36081,Queens NY,WHITESTONE,39491,1
11358,36081,Queens NY,FLUSHING,38647,1
11360,36081,Queens NY,BAYSIDE,19350,1
11361,36081,Queens NY,BAYSIDE,29206,1
11362,36081,Queens NY,LITTLE NECK,17502,1
11363,36081,Queens NY,LITTLE NECK,6917,1
11364,36081,Queens NY,FLUSHING,34539,1
11365,36081,Queens NY,FRESH MEADOWS,41566,1
11366,36081,Queens NY,FRESH MEADOWS,13366,1
11367,36081,Queens NY,FLUSHING,38216,1
11368,36081,Queens NY,CORONA,98841,1
11369,36081,Queens NY,EAST ELMHURST,36110,1
11370,36005,Bronx NY,EAST ELMHURST,12780,0.296
11370,36081,Queens NY,EAST ELMHURST,30362,0.704
11372,36081,Queens NY,JACKSON HEIGHTS,71308,1
11373,36081,Queens NY,JACKSON HEIGHTS,105723,1
11374,36081,Queens NY,REGO PARK,44189,1
11375,36081,Queens NY,FOREST HILLS,70204,1
11377,36081,Queens NY,WOODSIDE,88339,1
11378,36081,Queens NY,MASPETH,34053,1
11379,36081,Queens NY,MIDDLE VILLAGE,28984,1
11385,36081,Queens NY,RIDGEWOOD,97524,1
11411,36081,Queens NY,CAMBRIA HEIGHTS,21282,1
11412,36081,Queens NY,KEW GARDENS,37452,1
11413,36081,Queens NY,SPRINGFIELD GARD,39827,1
11414,36081,Queens NY,KEW GARDENS,28121,1
11415,36081,Queens NY,KEW GARDENS,20956,1
11416,36081,Queens NY,OZONE PARK,23668,1
11417,36081,Queens NY,OZONE PARK,28607,1
11418,36081,Queens NY,RICHMOND HILL,36571,1
11419,36081,Queens NY,S RICHMOND HILL,48867,1
11420,36081,Queens NY,S OZONE PARK,45498,1
11421,36081,Queens NY,WOODHAVEN,37664,1
11422,36081,Queens NY,ROSEDALE,30449,1
11423,36081,Queens NY,HOLLIS,31240,1
11426,36081,Queens NY,BELLEROSE,18727,1
11427,36081,Queens NY,QUEENS VILLAGE,23014,1
11428,36081,Queens NY,QUEENS VILLAGE,21023,1
11429,36081,Queens NY,QUEENS VILLAGE,27647,1
11430,36081,Queens NY,JAMAICA,229,1
11432,36081,Queens NY,JAMAICA,57045,1
11433,36081,Queens NY,JAMAICA,28435,1
11434,36081,Queens NY,JAMAICA,59142,1
11435,36081,Queens NY,JAMAICA,53877,1
11436,36081,Queens NY,JAMAICA,18148,1
11501,36059,Nassau NY,MINEOLA,19111,1
11507,36059,Nassau NY,ALBERTSON,7755,1
11509,36059,Nassau NY,ATLANTIC BEACH,2861,1
11510,36059,Nassau NY,BALDWIN,32346,1
11514,36059,Nassau NY,CARLE PLACE,5214,1
11516,36059,Nassau NY,CEDARHURST,7068,1
11518,36059,Nassau NY,EAST ROCKAWAY,11202,1
11520,36059,Nassau NY,FREEPORT,44026,1
11530,36059,Nassau NY,GARDEN CITY,26482,1
11542,36059,Nassau NY,GLEN COVE,27693,1
11545,36059,Nassau NY,GLEN HEAD,12073,1
11547,36059,Nassau NY,GLENWOOD LANDING,666,1
11548,36059,Nassau NY,GREENVALE,2514,1
11550,36059,Nassau NY,HEMPSTEAD,59022,1
11552,36059,Nassau NY,WEST HEMPSTEAD,23309,1
11553,36059,Nassau NY,UNIONDALE,23452,1
11554,36059,Nassau NY,EAST MEADOW,37458,1
11557,36059,Nassau NY,HEWLETT,7966,1
11558,36059,Nassau NY,ISLAND PARK,8553,1
11559,36059,Nassau NY,LAWRENCE,8103,1
11560,36059,Nassau NY,LOCUST VALLEY,6815,1
11561,36059,Nassau NY,LONG BEACH,39582,1
11563,36059,Nassau NY,LYNBROOK,23231,1
11565,36059,Nassau NY,MALVERNE,9140,1
11566,36059,Nassau NY,NORTH MERRICK,35606,1
11568,36059,Nassau NY,OLD WESTBURY,3992,1
11569,36059,Nassau NY,POINT LOOKOUT,1559,1
11570,36059,Nassau NY,ROCKVILLE CENTRE,27827,1
11572,36059,Nassau NY,OCEANSIDE,31241,1
11575,36059,Nassau NY,ROOSEVELT,15975,1
11576,36059,Nassau NY,ROSLYN,11810,1
11577,36059,Nassau NY,ROSLYN HEIGHTS,12176,1
11579,36059,Nassau NY,SEA CLIFF,5141,1
11580,36059,Nassau NY,VALLEY STREAM,37759,1
11581,36059,Nassau NY,NORTH WOODMERE,20094,1
11590,36059,Nassau NY,WESTBURY,42507,1
11596,36059,Nassau NY,WILLISTON PARK,10572,1
11598,36059,Nassau NY,WOODMERE,13226,1
11691,36081,Queens NY,FAR ROCKAWAY,56184,1
11692,36081,Queens NY,FAR ROCKAWAY,15893,1
11693,36081,Queens NY,FAR ROCKAWAY,11157,1
11694,36081,Queens NY,FAR ROCKAWAY,19278,1
11697,36081,Queens NY,FAR ROCKAWAY,4226,1
11701,36103,Suffolk NY,AMITYVILLE,26379,1
11702,36103,Suffolk NY,OAK BEACH,14975,1
11703,36103,Suffolk NY,NORTH BABYLON,16336,1
11704,36103,Suffolk NY,WEST BABYLON,40114,1
11705,36103,Suffolk NY,BAYPORT,8007,1
11706,36103,Suffolk NY,KISMET,60460,1
11709,36059,Nassau NY,BAYVILLE,7135,1
11710,36059,Nassau NY,NORTH BELLMORE,34463,1
11713,36103,Suffolk NY,BELLPORT,9160,1
11714,36059,Nassau NY,BETHPAGE,23012,1
11715,36103,Suffolk NY,BLUE POINT,4407,1
11716,36103,Suffolk NY,BOHEMIA,10360,1
11717,36103,Suffolk NY,WEST BRENTWOOD,51485,1
11718,36103,Suffolk NY,BRIGHTWATERS,3061,1
11719,36103,Suffolk NY,BROOKHAVEN,2965,1
11720,36103,Suffolk NY,CENTEREACH,28105,1
11721,36103,Suffolk NY,CENTERPORT,6218,1
11722,36103,Suffolk NY,CENTRAL ISLIP,34491,1
11724,36103,Suffolk NY,COLD SPRING HARB,3040,1
11725,36103,Suffolk NY,COMMACK,29412,1
11726,36103,Suffolk NY,COPIAGUE,17737,1
11727,36103,Suffolk NY,CORAM,25603,1
11729,36103,Suffolk NY,DEER PARK,28280,1
11730,36103,Suffolk NY,EAST ISLIP,16050,1
11731,36103,Suffolk NY,ELWOOD,31250,1
11732,36059,Nassau NY,EAST NORWICH,3804,1
11733,36103,Suffolk NY,SETAUKET,20382,1
11735,36059,Nassau NY,SOUTH FARMINGDAL,26081,0.811
11735,36103,Suffolk NY,SOUTH FARMINGDAL,6078,0.189
11738,36103,Suffolk NY,FARMINGVILLE,16811,1
11740,36103,Suffolk NY,GREENLAWN,9647,1
11741,36103,Suffolk NY,HOLBROOK,27857,1
11742,36103,Suffolk NY,HOLTSVILLE,12119,1
11743,36103,Suffolk NY,HALESITE,41566,1
11746,36103,Suffolk NY,DIX HILLS,62828,1
11747,36103,Suffolk NY,MELVILLE,16152,1
11751,36103,Suffolk NY,ISLIP,15083,1
11752,36103,Suffolk NY,ISLIP TERRACE,9881,1
11753,36059,Nassau NY,JERICHO,11648,1
11754,36103,Suffolk NY,KINGS PARK,18847,1
11755,36103,Suffolk NY,LAKE GROVE,11402,1
11756,36059,Nassau NY,LEVITTOWN,43952,1
11757,36103,Suffolk NY,LINDENHURST,46458,1
11758,36059,Nassau NY,NORTH MASSAPEQUA,54933,1
11762,36059,Nassau NY,MASSAPEQUA PARK,24471,1
11763,36103,Suffolk NY,MEDFORD,24743,1
11764,36103,Suffolk NY,MILLER PLACE,11120,1
11765,36059,Nassau NY,MILL NECK,732,1
11766,36103,Suffolk NY,MOUNT SINAI,9365,1
11767,36103,Suffolk NY,NESCONSET,13841,1
11768,36103,Suffolk NY,NORTHPORT,21676,1
11769,36103,Suffolk NY,OAKDALE,9729,1
11770,36103,Suffolk NY,OCEAN BEACH,190,1
11771,36059,Nassau NY,OYSTER BAY,9550,1
11772,36103,Suffolk NY,DAVIS PARK,41913,1
11776,36103,Suffolk NY,PORT JEFFERSON S,22440,1
11777,36103,Suffolk NY,PORT JEFFERSON,9025,1
11778,36103,Suffolk NY,ROCKY POINT,11514,1
11779,36103,Suffolk NY,LAKE RONKONKOMA,39321,1
11780,36103,Suffolk NY,SAINT JAMES,14920,1
11782,36103,Suffolk NY,CHERRY GROVE,15897,1
11783,36059,Nassau NY,SEAFORD,22162,1
11784,36103,Suffolk NY,SELDEN,26411,1
11786,36103,Suffolk NY,SHOREHAM,5883,1
11787,36103,Suffolk NY,SMITHTOWN,34794,1
11788,36103,Suffolk NY,HAUPPAUGE,16836,1
11789,36103,Suffolk NY,SOUND BEACH,7660,1
11790,36103,Suffolk NY,STONY BROOK,18374,1
11791,36059,Nassau NY,SYOSSET,24445,1
11792,36103,Suffolk NY,WADING RIVER,7156,1
11793,36059,Nassau NY,WANTAGH,32753,1
11795,36103,Suffolk NY,WEST ISLIP,27127,1
11796,36103,Suffolk NY,WEST SAYVILLE,3835,1
11797,36059,Nassau NY,WOODBURY,9005,1
11798,36103,Suffolk NY,WHEATLEY HEIGHTS,15199,1
11801,36059,Nassau NY,HICKSVILLE,39449,1
11803,36059,Nassau NY,PLAINVIEW,27767,1
11804,36059,Nassau NY,OLD BETHPAGE,5014,1
11901,36103,Suffolk NY,RIVERHEAD,22897,1
11930,36103,Suffolk NY,AMAGANSETT,1167,1
11932,36103,Suffolk NY,BRIDGEHAMPTON,1429,1
11933,36103,Suffolk NY,CALVERTON,5857,1
11934,36103,Suffolk NY,CENTER MORICHES,6539,1
11935,36103,Suffolk NY,CUTCHOGUE,3444,1
11937,36103,Suffolk NY,EAST HAMPTON,13289,1
11939,36103,Suffolk NY,EAST MARION,777,1
11940,36103,Suffolk NY,EAST MORICHES,4347,1
11941,36103,Suffolk NY,EASTPORT,2275,1
11942,36103,Suffolk NY,EAST QUOGUE,3981,1
11944,36103,Suffolk NY,GREENPORT,3705,1
11946,36103,Suffolk NY,HAMPTON BAYS,12802,1
11947,36103,Suffolk NY,JAMESPORT,218,1
11948,36103,Suffolk NY,LAUREL,903,1
11949,36103,Suffolk NY,MANORVILLE,11385,1
11950,36103,Suffolk NY,MASTIC,14583,1
11951,36103,Suffolk NY,MASTIC BEACH,12794,1
11952,36103,Suffolk NY,MATTITUCK,4680,1
11953,36103,Suffolk NY,MIDDLE ISLAND,12364,1
11954,36103,Suffolk NY,MONTAUK,3851,1
11955,36103,Suffolk NY,MORICHES,2652,1
11956,36103,Suffolk NY,NEW SUFFOLK,316,1
11957,36103,Suffolk NY,ORIENT,662,1
11958,36103,Suffolk NY,PECONIC,445,1
11959,36103,Suffolk NY,QUOGUE,1015,1
11960,36103,Suffolk NY,REMSENBURG,822,1
11961,36103,Suffolk NY,RIDGE,12664,1
11962,36103,Suffolk NY,SAGAPONACK,405,1
11963,36103,Suffolk NY,SAG HARBOR,6664,1
11964,36103,Suffolk NY,SHELTER ISLAND,1148,1
11965,36103,Suffolk NY,SHELTER ISLAND H,1080,1
11967,36103,Suffolk NY,SHIRLEY,24943,1
11968,36103,Suffolk NY,SOUTHAMPTON,12032,1
11970,36103,Suffolk NY,SOUTH JAMESPORT,319,1
11971,36103,Suffolk NY,SOUTHOLD,5575,1
11972,36103,Suffolk NY,SPEONK,692,1
11975,36103,Suffolk NY,WAINSCOTT,398,1
11976,36103,Suffolk NY,WATER MILL,1822,1
11977,36103,Suffolk NY,WESTHAMPTON,2143,1
11978,36103,Suffolk NY,WESTHAMPTON BEAC,3800,1
11980,36103,Suffolk NY,YAPHANK,4221,1
12008,36093,Schenectady NY,ALPLAUS,431,1
12009,36001,Albany NY,ALTAMONT,7628,1
12010,36035,Fulton NY,WEST CHARLTON,3283,0.115
12010,36057,Montgomery NY,WEST CHARLTON,24391,0.855
12010,36091,Saratoga NY,WEST CHARLTON,579,0.02
12010,36093,Schenectady NY,WEST CHARLTON,291,0.01
12015,36039,Greene NY,ATHENS,2832,1
12017,36021,Columbia NY,AUSTERLITZ,288,1
12018,36083,Rensselaer NY,AVERILL PARK,7513,1
12019,36091,Saratoga NY,BALLSTON LAKE,12975,0.974
12019,36093,Schenectady NY,BALLSTON LAKE,345,0.026
12020,36091,Saratoga NY,BALLSTON SPA,28068,1
12022,36083,Rensselaer NY,BERLIN,813,1
12023,36001,Albany NY,BERNE,1770,0.835
12023,36095,Schoharie NY,BERNE,351,0.165
12025,36035,Fulton NY,BROADALBIN,5063,0.891
12025,36091,Saratoga NY,BROADALBIN,620,0.109
12027,36091,Saratoga NY,BURNT HILLS,3260,0.891
12027,36093,Schenectady NY,BURNT HILLS,399,0.109
12028,36083,Rensselaer NY,BUSKIRK,818,0.744
12028,36115,Washington NY,BUSKIRK,282,0.256
12029,36021,Columbia NY,CANAAN,1387,1
12031,36095,Schoharie NY,CARLISLE,130,1
12032,36035,Fulton NY,CAROGA LAKE,835,1
12033,36083,Rensselaer NY,CASTLETON ON HUD,8188,1
12035,36095,Schoharie NY,CENTRAL BRIDGE,1287,1
12036,36095,Schoharie NY,CHARLOTTEVILLE,265,1
12037,36021,Columbia NY,CHATHAM,4017,1
12041,36001,Albany NY,CLARKSVILLE,14,1
12042,36039,Greene NY,CLIMAX,812,1
12043,36095,Schoharie NY,COBLESKILL,8207,1
12045,36001,Albany NY,COEYMANS,746,1
12046,36001,Albany NY,COEYMANS HOLLOW,900,0.964
12046,36039,Greene NY,COEYMANS HOLLOW,34,0.036
12047,36001,Albany NY,COHOES,18167,1
12051,36039,Greene NY,COXSACKIE,6905,1
12052,36083,Rensselaer NY,CROPSEYVILLE,1000,1
12053,36001,Albany NY,DELANSON,474,0.105
12053,36057,Montgomery NY,DELANSON,51,0.011
12053,36093,Schenectady NY,DELANSON,3436,0.764
12053,36095,Schoharie NY,DELANSON,536,0.119
12054,36001,Albany NY,DELMAR,16421,1
12056,36093,Schenectady NY,DUANESBURG,2219,1
12057,36083,Rensselaer NY,WHITE CREEK,389,0.227
12057,36115,Washington NY,WHITE CREEK,1324,0.773
12058,36039,Greene NY,EARLTON,1400,1
12059,36001,Albany NY,EAST BERNE,1843,1
12060,36021,Columbia NY,EAST CHATHAM,1396,1
12061,36083,Rensselaer NY,EAST GREENBUSH,7872,1
12062,36021,Columbia NY,EAST NASSAU,292,0.169
12062,36083,Rensselaer NY,EAST NASSAU,1436,0.831
12063,36083,Rensselaer NY,EAST SCHODACK,192,1
12064,36077,Otsego NY,EAST WORCESTER,438,0.912
12064,36095,Schoharie NY,EAST WORCESTER,42,0.087
12065,36091,Saratoga NY,CLIFTON PARK,38866,1
12066,36057,Montgomery NY,ESPERANCE,666,0.371
12066,36093,Schenectady NY,ESPERANCE,278,0.155
12066,36095,Schoharie NY,ESPERANCE,853,0.475
12067,36001,Albany NY,FEURA BUSH,1854,1
12068,36035,Fulton NY,FONDA,68,0.017
12068,36057,Montgomery NY,FONDA,3931,0.983
12070,36035,Fulton NY,FORT JOHNSON,280,0.219
12070,36057,Montgomery NY,FORT JOHNSON,996,0.781
12071,36095,Schoharie NY,FULTONHAM,279,1
12072,36057,Montgomery NY,FULTONVILLE,2545,1
12074,36091,Saratoga NY,GALWAY,3195,1
12075,36021,Columbia NY,GHENT,3106,1
12076,36095,Schoharie NY,GILBOA,1270,1
12077,36001,Albany NY,GLENMONT,5719,1
12078,36035,Fulton NY,GLOVERSVILLE,23853,1
12083,36001,Albany NY,GREENVILLE,1211,0.384
12083,36039,Greene NY,GREENVILLE,1943,0.616
12084,36001,Albany NY,GUILDERLAND,4214,1
12086,36057,Montgomery NY,HAGAMAN,1246,0.802
12086,36091,Saratoga NY,HAGAMAN,308,0.198
12087,36001,Albany NY,HANNACROIX,147,0.292
12087,36039,Greene NY,HANNACROIX,357,0.708
12090,36083,Rensselaer NY,HOOSICK FALLS,6189,1
12092,36095,Schoharie NY,HOWES CAVE,861,1
12093,36025,Delaware NY,JEFFERSON,233,0.166
12093,36095,Schoharie NY,JEFFERSON,1171,0.834
12094,36083,Rensselaer NY,JOHNSONVILLE,2080,0.962
12094,36115,Washington NY,JOHNSONVILLE,83,0.038
12095,36035,Fulton NY,JOHNSTOWN,12715,0.985
12095,36057,Montgomery NY,JOHNSTOWN,196,0.015
12106,36021,Columbia NY,KINDERHOOK,2297,1
12108,36041,Hamilton NY,LAKE PLEASANT,419,1
12110,36001,Albany NY,LATHAM,20463,1
12115,36021,Columbia NY,MALDEN BRIDGE,242,1
12116,36077,Otsego NY,MARYLAND,1807,1
12117,36035,Fulton NY,MAYFIELD,3223,1
12118,36083,Rensselaer NY,MECHANICVILLE,472,0.04
12118,36091,Saratoga NY,MECHANICVILLE,11295,0.96
12120,36001,Albany NY,MEDUSA,517,0.959
12120,36039,Greene NY,MEDUSA,22,0.041
12121,36083,Rensselaer NY,MELROSE,1806,1
12122,36001,Albany NY,MIDDLEBURGH,138,0.032
12122,36095,Schoharie NY,MIDDLEBURGH,4210,0.968
12123,36083,Rensselaer NY,NASSAU,5245,1
12125,36021,Columbia NY,NEW LEBANON,1493,1
12130,36021,Columbia NY,NIVERVILLE,899,1
12131,36095,Schoharie NY,NORTH BLENHEIM,217,1
12134,36035,Fulton NY,EDINBURG,1939,0.739
12134,36091,Saratoga NY,EDINBURG,684,0.261
12136,36021,Columbia NY,OLD CHATHAM,875,1
12137,36057,Montgomery NY,PATTERSONVILLE,272,0.176
12137,36093,Schenectady NY,PATTERSONVILLE,1272,0.824
12138,36083,Rensselaer NY,TACONIC LAKE,3678,1
12139,36041,Hamilton NY,PISECO,272,1
12140,36083,Rensselaer NY,POESTENKILL,1303,1
12143,36001,Albany NY,RAVENA,5041,0.943
12143,36039,Greene NY,RAVENA,307,0.057
12144,36083,Rensselaer NY,RENSSELAER,18367,1
12147,36001,Albany NY,RENSSELAERVILLE,528,1
12148,36091,Saratoga NY,REXFORD,2929,1
12149,36095,Schoharie NY,RICHMONDVILLE,2008,1
12150,36093,Schenectady NY,ROTTERDAM JUNCTI,836,1
12151,36091,Saratoga NY,ROUND LAKE,706,1
12153,36083,Rensselaer NY,SAND LAKE,902,1
12154,36083,Rensselaer NY,SCHAGHTICOKE,2280,0.843
12154,36115,Washington NY,SCHAGHTICOKE,424,0.157
12155,36077,Otsego NY,SCHENEVUS,1742,1
12156,36021,Columbia NY,SCHODACK LANDING,240,0.26
12156,36083,Rensselaer NY,SCHODACK LANDING,683,0.74
12157,36001,Albany NY,SCHOHARIE,8,0.002
12157,36095,Schoharie NY,SCHOHARIE,3979,0.998
12158,36001,Albany NY,SELKIRK,5779,1
12159,36001,Albany NY,SLINGERLANDS,7646,1
12160,36095,Schoharie NY,SLOANSVILLE,1177,1
12164,36041,Hamilton NY,SPECULATOR,476,1
12165,36021,Columbia NY,SPENCERTOWN,236,1
12166,36057,Montgomery NY,SPRAKERS,1501,1
12167,36025,Delaware NY,STAMFORD,1725,0.69
12167,36095,Schoharie NY,STAMFORD,774,0.31
12168,36083,Rensselaer NY,STEPHENTOWN,2083,1
12169,36083,Rensselaer NY,STEPHENTOWN,166,1
12170,36091,Saratoga NY,STILLWATER,5037,1
12173,36021,Columbia NY,STUYVESANT,2357,1
12175,36095,Schoharie NY,SUMMIT,950,1
12176,36039,Greene NY,SURPRISE,175,1
12180,36083,Rensselaer NY,TROY,52907,1
12182,36083,Rensselaer NY,TROY,14104,1
12183,36001,Albany NY,GREEN ISLAND,2278,1
12184,36021,Columbia NY,VALATIE,7244,0.996
12184,36083,Rensselaer NY,VALATIE,29,0.004
12185,36083,Rensselaer NY,VALLEY FALLS,1887,0.9
12185,36115,Washington NY,VALLEY FALLS,209,0.1
12186,36001,Albany NY,VOORHEESVILLE,6461,1
12187,36095,Schoharie NY,WARNERVILLE,684,1
12188,36091,Saratoga NY,WATERFORD,10610,1
12189,36001,Albany NY,WATERVLIET,16783,1
12190,36041,Hamilton NY,WELLS,737,1
12192,36039,Greene NY,WEST COXSACKIE,2270,1
12193,36001,Albany NY,WESTERLO,2117,1
12194,36095,Schoharie NY,WEST FULTON,215,1
12196,36083,Rensselaer NY,WEST SAND LAKE,2841,1
12197,36077,Otsego NY,WORCESTER,2397,1
12198,36083,Rensselaer NY,WYNANTSKILL,7295,1
12202,36001,Albany NY,ALBANY,10021,1
12203,36001,Albany NY,MC KOWNVILLE,32866,1
12204,36001,Albany NY,ALBANY,6792,1
12205,36001,Albany NY,ROESSLEVILLE,26337,1
12206,36001,Albany NY,ALBANY,16291,1
12207,36001,Albany NY,ALBANY,2187,1
12208,36001,Albany NY,ALBANY,21307,1
12209,36001,Albany NY,ALBANY,9772,1
12210,36001,Albany NY,ALBANY,9492,1
12211,36001,Albany NY,LOUDONVILLE,10684,1
12302,36091,Saratoga NY,MAYFAIR,284,0.011
12302,36093,Schenectady NY,MAYFAIR,26717,0.989
12303,36001,Albany NY,ROTTERDAM,9765,0.349
12303,36093,Schenectady NY,ROTTERDAM,18177,0.651
12304,36001,Albany NY,SCHENECTADY,2917,0.139
12304,36093,Schenectady NY,SCHENECTADY,18052,0.861
12305,36093,Schenectady NY,SCHENECTADY,5922,1
12306,36001,Albany NY,SCHENECTADY,469,0.019
12306,36093,Schenectady NY,SCHENECTADY,24112,0.981
12307,36093,Schenectady NY,SCHENECTADY,6843,1
12308,36093,Schenectady NY,SCHENECTADY,13346,1
12309,36001,Albany NY,NISKAYUNA,6178,0.206
12309,36093,Schenectady NY,NISKAYUNA,23879,0.794
12401,36111,Ulster NY,EDDYVILLE,35722,1
12404,36111,Ulster NY,ACCORD,3772,1
12405,36039,Greene NY,ACRA,454,1
12406,36025,Delaware NY,ARKVILLE,803,0.9
12406,36111,Ulster NY,ARKVILLE,89,0.1
12407,36039,Greene NY,ASHLAND,469,1
12409,36111,Ulster NY,SHADY,464,1
12410,36111,Ulster NY,OLIVEREA,820,1
12411,36111,Ulster NY,BLOOMINGTON,382,1
12412,36111,Ulster NY,BOICEVILLE,927,1
12413,36039,Greene NY,CAIRO,2673,1
12414,36039,Greene NY,CATSKILL,11641,1
12416,36111,Ulster NY,CHICHESTER,87,1
12418,36039,Greene NY,CORNWALLVILLE,612,1
12419,36111,Ulster NY,COTTEKILL,315,1
12420,36111,Ulster NY,CRAGSMOOR,369,1
12421,36025,Delaware NY,DENVER,777,1
12422,36039,Greene NY,DURHAM,291,1
12423,36039,Greene NY,EAST DURHAM,1041,1
12424,36039,Greene NY,EAST JEWETT,303,1
12427,36039,Greene NY,ELKA PARK,381,1
12428,36111,Ulster NY,ELLENVILLE,8367,1
12429,36111,Ulster NY,ESOPUS,51,1
12430,36025,Delaware NY,HALCOTT CENTER,936,0.829
12430,36039,Greene NY,HALCOTT CENTER,193,0.171
12431,36039,Greene NY,FREEHOLD,1463,1
12433,36111,Ulster NY,GLENFORD,404,1
12434,36025,Delaware NY,GRAND GORGE,663,1
12435,36111,Ulster NY,GREENFIELD PARK,261,1
12439,36039,Greene NY,EAST WINDHAM,107,1
12440,36111,Ulster NY,HIGH FALLS,2010,1
12442,36039,Greene NY,HUNTER,608,1
12443,36111,Ulster NY,HURLEY,3859,1
12444,36039,Greene NY,JEWETT,451,1
12446,36111,Ulster NY,KERHONKSON,4925,1
12448,36111,Ulster NY,LAKE HILL,218,1
12449,36111,Ulster NY,LAKE KATRINE,3557,1
12450,36039,Greene NY,LANESVILLE,430,1
12451,36039,Greene NY,LEEDS,1496,1
12454,36039,Greene NY,MAPLECREST,552,1
12455,36025,Delaware NY,KELLY CORNERS,2031,0.976
12455,36111,Ulster NY,KELLY CORNERS,51,0.024
12456,36111,Ulster NY,MOUNT MARION,653,1
12457,36111,Ulster NY,MOUNT TREMPER,1123,1
12458,36111,Ulster NY,NAPANOCH,2243,1
12459,36025,Delaware NY,NEW KINGSTON,354,1
12460,36039,Greene NY,OAK HILL,376,1
12461,36111,Ulster NY,KRUMVILLE,1781,1
12463,36039,Greene NY,PALENVILLE,1360,1
12464,36111,Ulster NY,PHOENICIA,1173,1
12466,36111,Ulster NY,PORT EWEN,3101,1
12468,36025,Delaware NY,PRATTSVILLE,9,0.007
12468,36039,Greene NY,PRATTSVILLE,1340,0.993
12469,36001,Albany NY,PRESTON HOLLOW,620,0.792
12469,36039,Greene NY,PRESTON HOLLOW,23,0.029
12469,36095,Schoharie NY,PRESTON HOLLOW,140,0.179
12470,36039,Greene NY,PURLING,729,1
12471,36111,Ulster NY,RIFTON,174,1
12472,36111,Ulster NY,ROSENDALE,1654,1
12473,36039,Greene NY,ROUND TOP,736,1
12474,36025,Delaware NY,ROXBURY,1011,1
12477,36111,Ulster NY,SAUGERTIES,20199,1
12480,36039,Greene NY,SHANDAKEN,99,0.126
12480,36111,Ulster NY,SHANDAKEN,688,0.874
12481,36111,Ulster NY,SHOKAN,1269,1
12482,36039,Greene NY,SOUTH CAIRO,452,1
12484,36111,Ulster NY,STONE RIDGE,2540,1
12485,36039,Greene NY,TANNERSVILLE,1480,1
12486,36111,Ulster NY,TILLSON,1595,1
12487,36111,Ulster NY,ULSTER PARK,3856,1
12489,36111,Ulster NY,WAWARSING,290,1
12491,36111,Ulster NY,WEST HURLEY,1610,1
12492,36039,Greene NY,WEST KILL,281,1
12493,36111,Ulster NY,WEST PARK,547,1
12494,36111,Ulster NY,WEST SHOKAN,714,1
12495,36111,Ulster NY,WILLOW,189,1
12496,36039,Greene NY,WINDHAM,1097,1
12498,36111,Ulster NY,WOODSTOCK,5417,1
12501,36027,Dutchess NY,AMENIA,2340,1
12502,36021,Columbia NY,ANCRAM,1114,1
12503,36021,Columbia NY,ANCRAMDALE,830,1
12507,36027,Dutchess NY,BARRYTOWN,108,1
12508,36027,Dutchess NY,BEACON,19487,1
12513,36021,Columbia NY,CLAVERACK,1043,1
12514,36027,Dutchess NY,CLINTON CORNERS,2854,1
12515,36111,Ulster NY,CLINTONDALE,1068,1
12516,36021,Columbia NY,COPAKE,1806,1
12517,36021,Columbia NY,COPAKE FALLS,317,1
12518,36071,Orange NY,CORNWALL,6276,1
12520,36071,Orange NY,CORNWALL ON HUDS,2918,1
12521,36021,Columbia NY,CRARYVILLE,1499,1
12522,36027,Dutchess NY,DOVER PLAINS,5691,1
12523,36021,Columbia NY,ELIZAVILLE,1976,1
12524,36027,Dutchess NY,FISHKILL,14045,1
12525,36111,Ulster NY,GARDINER,2868,1
12526,36021,Columbia NY,GERMANTOWN,3638,1
12528,36111,Ulster NY,HIGHLAND,12770,1
12529,36021,Columbia NY,HILLSDALE,2457,1
12531,36027,Dutchess NY,HOLMES,2237,0.733
12531,36079,Putnam NY,HOLMES,814,0.267
12533,36027,Dutchess NY,HOPEWELL JUNCTIO,22209,0.998
12533,36079,Putnam NY,HOPEWELL JUNCTIO,45,0.002
12534,36021,Columbia NY,HUDSON,18686,1
12538,36027,Dutchess NY,HYDE PARK,12653,1
12540,36027,Dutchess NY,LAGRANGEVILLE,6633,1
12542,36071,Orange NY,MARLBORO,243,0.042
12542,36111,Ulster NY,MARLBORO,5575,0.958
12543,36071,Orange NY,MAYBROOK,3133,1
12545,36027,Dutchess NY,MILLBROOK,4850,1
12546,36021,Columbia NY,MILLERTON,100,0.032
12546,36027,Dutchess NY,MILLERTON,3003,0.968
12547,36111,Ulster NY,MILTON,2350,1
12548,36111,Ulster NY,MODENA,1528,1
12549,36071,Orange NY,MONTGOMERY,8670,1
12550,36071,Orange NY,MIDDLE HOPE,52084,1
12553,36071,Orange NY,NEW WINDSOR,22514,1
12561,36111,Ulster NY,MOHONK LAKE,17435,1
12563,36079,Putnam NY,PATTERSON,7252,1
12564,36027,Dutchess NY,PAWLING,6644,1
12565,36021,Columbia NY,PHILMONT,1936,1
12566,36071,Orange NY,PINE BUSH,4421,0.4
12566,36105,Sullivan NY,PINE BUSH,563,0.051
12566,36111,Ulster NY,PINE BUSH,6077,0.549
12567,36021,Columbia NY,PINE PLAINS,475,0.162
12567,36027,Dutchess NY,PINE PLAINS,2463,0.838
12569,36027,Dutchess NY,PLEASANT VALLEY,8842,1
12570,36027,Dutchess NY,POUGHQUAG,5884,1
12571,36021,Columbia NY,RED HOOK,209,0.018
12571,36027,Dutchess NY,RED HOOK,11625,0.982
12572,36027,Dutchess NY,RHINEBECK,9960,1
12575,36071,Orange NY,ROCK TAVERN,2089,1
12577,36071,Orange NY,SALISBURY MILLS,1614,1
12578,36027,Dutchess NY,SALT POINT,2105,1
12580,36027,Dutchess NY,STAATSBURG,3869,1
12581,36027,Dutchess NY,STANFORDVILLE,2231,1
12582,36027,Dutchess NY,STORMVILLE,4521,0.994
12582,36079,Putnam NY,STORMVILLE,29,0.006
12583,36021,Columbia NY,TIVOLI,639,0.263
12583,36027,Dutchess NY,TIVOLI,1788,0.737
12585,36027,Dutchess NY,VERBANK,956,1
12586,36071,Orange NY,WALDEN,11527,1
12589,36071,Orange NY,WALLKILL,3055,0.23
12589,36111,Ulster NY,WALLKILL,10206,0.77
12590,36027,Dutchess NY,NEW HAMBURG,33523,1
12592,36027,Dutchess NY,WASSAIC,1214,1
12594,36027,Dutchess NY,WINGDALE,3618,1
12601,36027,Dutchess NY,SOUTH ROAD,43130,1
12603,36027,Dutchess NY,ARLINGTON,41667,1
12701,36105,Sullivan NY,MONTICELLO,11522,1
12719,36105,Sullivan NY,BARRYVILLE,1012,1
12720,36105,Sullivan NY,BETHEL,168,1
12721,36071,Orange NY,BLOOMINGBURG,1098,0.199
12721,36105,Sullivan NY,BLOOMINGBURG,4415,0.801
12723,36105,Sullivan NY,CALLICOON,2251,1
12724,36105,Sullivan NY,CALLICOON CENTER,296,1
12725,36105,Sullivan NY,CLARYVILLE,93,0.358
12725,36111,Ulster NY,CLARYVILLE,167,0.642
12726,36105,Sullivan NY,FOSTERDALE,1185,1
12727,36105,Sullivan NY,COCHECTON CENTER,23,1
12729,36071,Orange NY,CUDDEBACKVILLE,1213,0.932
12729,36105,Sullivan NY,CUDDEBACKVILLE,89,0.068
12732,36105,Sullivan NY,ELDRED,900,1
12733,36105,Sullivan NY,FALLSBURG,1608,1
12734,36105,Sullivan NY,GROSSINGER,837,1
12736,36105,Sullivan NY,FREMONT CENTER,152,1
12737,36105,Sullivan NY,GLEN SPEY,1500,1
12738,36105,Sullivan NY,GLEN WILD,320,1
12739,36071,Orange NY,GODEFFROY,610,1
12740,36105,Sullivan NY,GRAHAMSVILLE,1917,0.918
12740,36111,Ulster NY,GRAHAMSVILLE,171,0.082
12741,36105,Sullivan NY,MILESES,252,1
12742,36105,Sullivan NY,HARRIS,132,1
12743,36105,Sullivan NY,HIGHLAND LAKE,303,1
12746,36071,Orange NY,HUGUENOT,1144,1
12747,36105,Sullivan NY,HURLEYVILLE,1939,1
12748,36105,Sullivan NY,JEFFERSONVILLE,1929,1
12749,36105,Sullivan NY,KAUNEONGA LAKE,251,1
12751,36105,Sullivan NY,KIAMESHA LAKE,387,1
12752,36105,Sullivan NY,LAKE HUNTINGTON,145,1
12754,36105,Sullivan NY,LIBERTY,7130,1
12758,36105,Sullivan NY,LIVINGSTON MANOR,4271,0.984
12758,36111,Ulster NY,LIVINGSTON MANOR,68,0.016
12759,36105,Sullivan NY,LOCH SHELDRAKE,1683,1
12760,36025,Delaware NY,LONG EDDY,435,0.597
12760,36105,Sullivan NY,LONG EDDY,294,0.403
12762,36105,Sullivan NY,MONGAUP VALLEY,342,1
12763,36105,Sullivan NY,MOUNTAIN DALE,766,1
12764,36105,Sullivan NY,NARROWSBURG,1717,1
12765,36105,Sullivan NY,NEVERSINK,836,1
12766,36105,Sullivan NY,NORTH BRANCH,456,1
12768,36105,Sullivan NY,PARKSVILLE,1030,1
12770,36105,Sullivan NY,POND EDDY,272,1
12771,36071,Orange NY,PORT JERVIS,13847,1
12775,36105,Sullivan NY,ROCK HILL,1666,1
12776,36025,Delaware NY,COOK FALLS,858,0.347
12776,36105,Sullivan NY,COOK FALLS,1615,0.653
12777,36105,Sullivan NY,FORESTBURGH,781,1
12778,36105,Sullivan NY,SMALLWOOD,735,1
12779,36105,Sullivan NY,SOUTH FALLSBURG,1544,1
12780,36071,Orange NY,SPARROWBUSH,2100,0.992
12780,36105,Sullivan NY,SPARROWBUSH,17,0.008
12783,36105,Sullivan NY,SWAN LAKE,2169,1
12784,36105,Sullivan NY,THOMPSONVILLE,59,1
12785,36105,Sullivan NY,WESTBROOKVILLE,186,1
12786,36105,Sullivan NY,WHITE LAKE,665,1
12787,36105,Sullivan NY,WHITE SULPHUR SP,223,1
12788,36105,Sullivan NY,WOODBOURNE,2935,1
12789,36105,Sullivan NY,WOODRIDGE,1677,1
12790,36105,Sullivan NY,WURTSBORO,5454,1
12791,36105,Sullivan NY,YOUNGSVILLE,448,1
12792,36105,Sullivan NY,YULAN,295,1
12801,36113,Warren NY,QUEENSBURY,14374,1
12803,36091,Saratoga NY,SOUTH GLENS FALL,7394,1
12804,36113,Warren NY,QUEENSBURY,24083,1
12808,36113,Warren NY,ADIRONDACK,285,1
12809,36115,Washington NY,ARGYLE,3667,1
12810,36113,Warren NY,ATHOL,643,1
12812,36041,Hamilton NY,BLUE MOUNTAIN LA,126,1
12814,36113,Warren NY,BOLTON LANDING,1552,1
12815,36113,Warren NY,BRANT LAKE,955,1
12816,36115,Washington NY,CAMBRIDGE,4845,1
12817,36113,Warren NY,CHESTERTOWN,2187,1
12819,36115,Washington NY,CLEMONS,364,1
12821,36115,Washington NY,COMSTOCK,3219,1
12822,36091,Saratoga NY,CORINTH,5721,1
12823,36115,Washington NY,COSSAYUNA,190,1
12824,36113,Warren NY,DIAMOND POINT,735,1
12827,36115,Washington NY,FORT ANN,3815,1
12828,36091,Saratoga NY,FORT EDWARD,3130,0.374
12828,36115,Washington NY,FORT EDWARD,5228,0.626
12831,36091,Saratoga NY,GANSEVOORT,14204,1
12832,36115,Washington NY,GRANVILLE,7199,1
12833,36091,Saratoga NY,GREENFIELD CENTE,4492,1
12834,36115,Washington NY,THOMSON,6678,1
12835,36091,Saratoga NY,HADLEY,2853,0.99
12835,36113,Warren NY,HADLEY,29,0.01
12836,36113,Warren NY,HAGUE,678,1
12837,36115,Washington NY,HAMPTON,849,1
12838,36115,Washington NY,HARTFORD,649,1
12839,36115,Washington NY,HUDSON FALLS,11945,1
12841,36115,Washington NY,HULETTS LANDING,87,1
12842,36041,Hamilton NY,INDIAN LAKE,1345,1
12843,36113,Warren NY,JOHNSBURG,665,1
12844,36113,Warren NY,PILOT KNOB,44,0.164
12844,36115,Washington NY,PILOT KNOB,225,0.836
12845,36113,Warren NY,LAKE GEORGE,4801,1
12846,36113,Warren NY,LAKE LUZERNE,3162,1
12847,36041,Hamilton NY,LONG LAKE,723,1
12849,36115,Washington NY,MIDDLE GRANVILLE,445,1
12850,36091,Saratoga NY,MIDDLE GROVE,2242,1
12851,36031,Essex NY,MINERVA,366,1
12852,36031,Essex NY,NEWCOMB,481,1
12853,36113,Warren NY,NORTH CREEK,2082,1
12855,36031,Essex NY,NORTH HUDSON,263,1
12856,36113,Warren NY,NORTH RIVER,224,1
12857,36031,Essex NY,OLMSTEDVILLE,468,0.932
12857,36113,Warren NY,OLMSTEDVILLE,34,0.068
12858,36031,Essex NY,PARADOX,48,1
12859,36091,Saratoga NY,PORTER CORNERS,1984,1
12860,36113,Warren NY,POTTERSVILLE,1150,1
12861,36115,Washington NY,PUTNAM STATION,645,1
12863,36091,Saratoga NY,ROCK CITY FALLS,596,1
12865,36115,Washington NY,SALEM,3152,1
12866,36091,Saratoga NY,WILTON,34570,1
12870,36031,Essex NY,SCHROON LAKE,1677,1
12871,36091,Saratoga NY,SCHUYLERVILLE,4033,1
12873,36115,Washington NY,SHUSHAN,808,1
12874,36113,Warren NY,SILVER BAY,176,1
12878,36113,Warren NY,STONY CREEK,714,1
12883,36031,Essex NY,TICONDEROGA,5160,1
12885,36113,Warren NY,WARRENSBURG,4646,1
12886,36113,Warren NY,WEVERTOWN,84,1
12887,36115,Washington NY,WHITEHALL,4710,1
12901,36019,Clinton NY,PLATTSBURGH,32253,1
12903,36019,Clinton NY,PLATTSBURGH A F,44,1
12910,36019,Clinton NY,ALTONA,2340,1
12911,36019,Clinton NY,AU SABLE CHASM,35,1
12912,36019,Clinton NY,AU SABLE FORKS,1278,0.598
12912,36031,Essex NY,AU SABLE FORKS,860,0.402
12913,36031,Essex NY,BLOOMINGDALE,893,0.748
12913,36033,Franklin NY,BLOOMINGDALE,301,0.252
12914,36033,Franklin NY,BOMBAY,1067,0.917
12914,36089,St. Lawrence NY,BOMBAY,96,0.083
12916,36033,Franklin NY,BRUSHTON,1857,1
12917,36033,Franklin NY,BURKE,1312,1
12918,36019,Clinton NY,CADYVILLE,2781,1
12919,36019,Clinton NY,CHAMPLAIN,2957,1
12920,36019,Clinton NY,CHATEAUGAY,10,0.004
12920,36033,Franklin NY,CHATEAUGAY,2527,0.996
12921,36019,Clinton NY,CHAZY,2392,1
12922,36089,St. Lawrence NY,CHILDWOLD,58,1
12923,36019,Clinton NY,CHURUBUSCO,657,1
12926,36033,Franklin NY,CONSTABLE,2083,1
12927,36089,St. Lawrence NY,CRANBERRY LAKE,258,1
12928,36031,Essex NY,CROWN POINT,2122,1
12930,36033,Franklin NY,DICKINSON CENTER,567,0.993
12930,36089,St. Lawrence NY,DICKINSON CENTER,4,0.007
12932,36031,Essex NY,ELIZABETHTOWN,1406,1
12934,36019,Clinton NY,ELLENBURG CENTER,1126,1
12935,36019,Clinton NY,ELLENBURG DEPOT,5494,1
12936,36031,Essex NY,ESSEX,479,1
12937,36033,Franklin NY,FORT COVINGTON,1524,1
12941,36031,Essex NY,JAY,1429,1
12942,36031,Essex NY,KEENE,670,1
12943,36031,Essex NY,SAINT HUBERTS,391,1
12944,36019,Clinton NY,KEESEVILLE,1993,0.453
12944,36031,Essex NY,KEESEVILLE,2409,0.547
12945,36033,Franklin NY,UPPER SAINT REGI,736,1
12946,36031,Essex NY,NORTH POLE,8098,1
12950,36031,Essex NY,LEWIS,749,1
12952,36019,Clinton NY,LYON MOUNTAIN,583,1
12953,36033,Franklin NY,MALONE,16270,1
12955,36019,Clinton NY,MERRILL,331,0.825
12955,36033,Franklin NY,MERRILL,70,0.175
12956,36031,Essex NY,MINEVILLE,2036,1
12957,36033,Franklin NY,MOIRA,1798,1
12958,36019,Clinton NY,MOOERS,1737,1
12959,36019,Clinton NY,MOOERS FORKS,1467,1
12960,36031,Essex NY,MORIAH,1019,1
12961,36031,Essex NY,MORIAH CENTER,171,1
12962,36019,Clinton NY,MORRISONVILLE,5967,1
12964,36031,Essex NY,NEW RUSSIA,142,1
12965,36089,St. Lawrence NY,NICHOLVILLE,489,1
12966,36033,Franklin NY,BANGOR,2836,1
12967,36089,St. Lawrence NY,NORTH LAWRENCE,1099,1
12969,36033,Franklin NY,OWLS HEAD,554,1
12970,36033,Franklin NY,PAUL SMITHS,1450,1
12972,36019,Clinton NY,PERU,5615,1
12974,36031,Essex NY,PORT HENRY,1540,1
12979,36019,Clinton NY,ROUSES POINT,2450,1
12980,36033,Franklin NY,SAINT REGIS FALL,1186,0.88
12980,36089,St. Lawrence NY,SAINT REGIS FALL,161,0.12
12981,36019,Clinton NY,SARANAC,2664,0.997
12981,36033,Franklin NY,SARANAC,9,0.003
12983,36031,Essex NY,SARANAC LAKE,1815,0.254
12983,36033,Franklin NY,SARANAC LAKE,5333,0.746
12985,36019,Clinton NY,SCHUYLER FALLS,1187,1
12986,36033,Franklin NY,SUNMOUNT,6231,0.958
12986,36089,St. Lawrence NY,SUNMOUNT,276,0.042
12987,36031,Essex NY,UPPER JAY,326,1
12989,36033,Franklin NY,VERMONTVILLE,853,1
12992,36019,Clinton NY,WEST CHAZY,4533,1
12993,36031,Essex NY,WESTPORT,1704,1
12996,36031,Essex NY,WILLSBORO,2129,1
13021,36011,Cayuga NY,AUBURN,41699,1
13021,36067,Onondaga NY,AUBURN,5,0
13026,36011,Cayuga NY,AURORA,1841,1
13027,36011,Cayuga NY,BALDWINSVILLE,47,0.002
13027,36067,Onondaga NY,BALDWINSVILLE,29061,0.998
13028,36075,Oswego NY,BERNHARDS BAY,1380,1
13029,36067,Onondaga NY,BREWERTON,5684,1
13030,36053,Madison NY,BRIDGEPORT,2024,0.474
13030,36067,Onondaga NY,BRIDGEPORT,2248,0.526
13031,36067,Onondaga NY,CAMILLUS,14977,1
13032,36053,Madison NY,CANASTOTA,12427,1
13033,36011,Cayuga NY,CATO,4544,1
13034,36011,Cayuga NY,CAYUGA,1933,1
13035,36053,Madison NY,CAZENOVIA,7802,0.967
13035,36067,Onondaga NY,CAZENOVIA,263,0.033
13036,36067,Onondaga NY,CENTRAL SQUARE,14,0.002
13036,36075,Oswego NY,CENTRAL SQUARE,8448,0.998
13037,36053,Madison NY,CHITTENANGO,8582,0.978
13037,36067,Onondaga NY,CHITTENANGO,190,0.022
13039,36067,Onondaga NY,CICERO,14562,1
13040,36017,Chenango NY,CINCINNATUS,163,0.058
13040,36023,Cortland NY,CINCINNATUS,2668,0.942
13041,36067,Onondaga NY,CLAY,9818,1
13042,36065,Oneida NY,CLEVELAND,1372,0.553
13042,36075,Oswego NY,CLEVELAND,1107,0.447
13044,36075,Oswego NY,CONSTANTIA,2776,1
13045,36011,Cayuga NY,CORTLAND,655,0.022
13045,36023,Cortland NY,CORTLAND,27905,0.957
13045,36109,Tompkins NY,CORTLAND,614,0.021
13052,36017,Chenango NY,DE RUYTER,323,0.198
13052,36023,Cortland NY,DE RUYTER,5,0.003
13052,36053,Madison NY,DE RUYTER,1288,0.79
13052,36067,Onondaga NY,DE RUYTER,15,0.009
13053,36023,Cortland NY,DRYDEN,523,0.119
13053,36109,Tompkins NY,DRYDEN,3890,0.881
13054,36065,Oneida NY,DURHAMVILLE,2162,1
13057,36067,Onondaga NY,EAST SYRACUSE,14845,1
13060,36067,Onondaga NY,ELBRIDGE,2852,1
13061,36053,Madison NY,ERIEVILLE,930,1
13062,36109,Tompkins NY,ETNA,131,1
13063,36067,Onondaga NY,FABIUS,2027,1
13066,36067,Onondaga NY,FAYETTEVILLE,12299,1
13068,36109,Tompkins NY,FREEVILLE,5038,1
13069,36075,Oswego NY,FULTON,26451,1
13071,36011,Cayuga NY,GENOA,1029,1
13072,36017,Chenango NY,GEORGETOWN,207,0.198
13072,36053,Madison NY,GEORGETOWN,836,0.802
13073,36109,Tompkins NY,GROTON,6000,1
13074,36075,Oswego NY,HANNIBAL,4340,1
13076,36075,Oswego NY,HASTINGS,2344,1
13077,36023,Cortland NY,HOMER,6675,0.978
13077,36067,Onondaga NY,HOMER,148,0.022
13078,36067,Onondaga NY,JAMESVILLE,8625,1
13080,36011,Cayuga NY,JORDAN,781,0.22
13080,36067,Onondaga NY,JORDAN,2772,0.78
13081,36011,Cayuga NY,KING FERRY,1189,1
13082,36053,Madison NY,KIRKVILLE,3002,0.599
13082,36067,Onondaga NY,KIRKVILLE,2010,0.401
13083,36075,Oswego NY,LACONA,1759,1
13084,36067,Onondaga NY,LA FAYETTE,4215,1
13088,36067,Onondaga NY,LIVERPOOL,22139,1
13090,36067,Onondaga NY,BAYBERRY,30934,1
13092,36011,Cayuga NY,LOCKE,2235,0.895
13092,36109,Tompkins NY,LOCKE,263,0.105
13101,36023,Cortland NY,MC GRAW,2309,1
13104,36053,Madison NY,MANLIUS,100,0.007
13104,36067,Onondaga NY,MANLIUS,14314,0.993
13108,36067,Onondaga NY,MARCELLUS,6057,1
13110,36067,Onondaga NY,MARIETTA,2472,1
13111,36011,Cayuga NY,MARTVILLE,1451,0.83
13111,36075,Oswego NY,MARTVILLE,297,0.17
13112,36067,Onondaga NY,MEMPHIS,1922,1
13114,36075,Oswego NY,MEXICO,6462,1
13116,36067,Onondaga NY,MINOA,3351,1
13118,36011,Cayuga NY,MORAVIA,6728,1
13120,36067,Onondaga NY,NEDROW,2998,1
13122,36053,Madison NY,NEW WOODSTOCK,922,0.763
13122,36067,Onondaga NY,NEW WOODSTOCK,287,0.237
13124,36017,Chenango NY,NORTH PITCHER,135,1
13126,36011,Cayuga NY,OSWEGO,72,0.002
13126,36075,Oswego NY,OSWEGO,36382,0.998
13131,36075,Oswego NY,PARISH,4029,1
13132,36075,Oswego NY,PENNELLVILLE,4310,1
13135,36067,Onondaga NY,PHOENIX,1239,0.215
13135,36075,Oswego NY,PHOENIX,4511,0.785
13136,36017,Chenango NY,PITCHER,621,1
13140,36011,Cayuga NY,PORT BYRON,4915,1
13141,36023,Cortland NY,PREBLE,566,0.717
13141,36067,Onondaga NY,PREBLE,223,0.283
13142,36075,Oswego NY,PULASKI,6595,1
13143,36011,Cayuga NY,RED CREEK,1033,0.302
13143,36117,Wayne NY,RED CREEK,2383,0.698
13144,36075,Oswego NY,RICHLAND,1576,1
13145,36075,Oswego NY,SANDY CREEK,1874,1
13146,36117,Wayne NY,SAVANNAH,2541,1
13147,36011,Cayuga NY,VENICE CENTER,1204,1
13148,36099,Seneca NY,SENECA FALLS,10913,1
13152,36011,Cayuga NY,SKANEATELES,384,0.045
13152,36067,Onondaga NY,SKANEATELES,8069,0.955
13155,36017,Chenango NY,SOUTH OTSELIC,677,1
13156,36011,Cayuga NY,STERLING,2313,1
13158,36023,Cortland NY,TRUXTON,2014,0.989
13158,36067,Onondaga NY,TRUXTON,22,0.011
13159,36023,Cortland NY,TULLY,995,0.189
13159,36067,Onondaga NY,TULLY,4282,0.811
13160,36011,Cayuga NY,UNION SPRINGS,1856,1
13164,36067,Onondaga NY,WARNERS,1759,1
13165,36099,Seneca NY,WATERLOO,10828,1
13166,36011,Cayuga NY,WEEDSPORT,6054,0.991
13166,36067,Onondaga NY,WEEDSPORT,53,0.009
13167,36075,Oswego NY,WEST MONROE,3449,1
13202,36067,Onondaga NY,SYRACUSE,5434,1
13203,36067,Onondaga NY,SYRACUSE,15435,1
13204,36067,Onondaga NY,SYRACUSE,20826,1
13205,36067,Onondaga NY,SYRACUSE,20592,1
13206,36067,Onondaga NY,SYRACUSE,16562,1
13207,36067,Onondaga NY,SYRACUSE,14890,1
13208,36067,Onondaga NY,SYRACUSE,21440,1
13209,36067,Onondaga NY,SOLVAY,13774,1
13210,36067,Onondaga NY,SYRACUSE,27352,1
13211,36067,Onondaga NY,MATTYDALE,6425,1
13212,36067,Onondaga NY,NORTH SYRACUSE,20878,1
13214,36067,Onondaga NY,DE WITT,8764,1
13215,36067,Onondaga NY,ONONDAGA,14461,1
13219,36067,Onondaga NY,SYRACUSE,15700,1
13224,36067,Onondaga NY,SYRACUSE,9052,1
13301,36065,Oneida NY,ALDER CREEK,219,1
13302,36075,Oswego NY,ALTMAR,1556,1
13303,36065,Oneida NY,AVA,1190,1
13304,36043,Herkimer NY,BARNEVELD,13,0.008
13304,36065,Oneida NY,BARNEVELD,1642,0.992
13308,36065,Oneida NY,BLOSSVALE,4867,1
13309,36049,Lewis NY,BOONVILLE,1013,0.17
13309,36065,Oneida NY,BOONVILLE,4929,0.83
13310,36053,Madison NY,BOUCKVILLE,491,1
13312,36049,Lewis NY,GLENFIELD,689,1
13313,36065,Oneida NY,BRIDGEWATER,620,1
13314,36053,Madison NY,BROOKFIELD,939,1
13315,36077,Otsego NY,BURLINGTON FLATS,1397,1
13316,36049,Lewis NY,CAMDEN,209,0.031
13316,36065,Oneida NY,CAMDEN,6398,0.96
13316,36075,Oswego NY,CAMDEN,57,0.009
13317,36057,Montgomery NY,AMES,3809,1
13318,36065,Oneida NY,CASSVILLE,1429,1
13319,36065,Oneida NY,CHADWICKS,1018,1
13320,36077,Otsego NY,CHERRY VALLEY,2171,1
13322,36043,Herkimer NY,CLAYVILLE,421,0.381
13322,36065,Oneida NY,CLAYVILLE,683,0.619
13323,36065,Oneida NY,CLINTON,11772,1
13324,36043,Herkimer NY,COLD BROOK,1989,1
13325,36049,Lewis NY,CONSTABLEVILLE,949,1
13326,36077,Otsego NY,COOPERSTOWN,5598,1
13327,36049,Lewis NY,CROGHAN,2148,1
13328,36065,Oneida NY,DEANSBORO,1266,1
13329,36035,Fulton NY,DOLGEVILLE,959,0.241
13329,36043,Herkimer NY,DOLGEVILLE,3017,0.759
13331,36043,Herkimer NY,EAGLE BAY,293,1
13332,36017,Chenango NY,EARLVILLE,598,0.249
13332,36053,Madison NY,EARLVILLE,1802,0.751
13333,36077,Otsego NY,EAST SPRINGFIELD,142,1
13334,36053,Madison NY,EATON,1526,1
13335,36077,Otsego NY,EDMESTON,1557,1
13337,36077,Otsego NY,FLY CREEK,868,1
13338,36043,Herkimer NY,FORESTPORT,61,0.038
13338,36065,Oneida NY,FORESTPORT,1558,0.962
13339,36035,Fulton NY,FORT PLAIN,389,0.057
13339,36043,Herkimer NY,FORT PLAIN,620,0.091
13339,36057,Montgomery NY,FORT PLAIN,5778,0.851
13340,36043,Herkimer NY,FRANKFORT,7937,1
13341,36065,Oneida NY,FRANKLIN SPRINGS,54,1
13342,36077,Otsego NY,GARRATTSVILLE,232,1
13343,36049,Lewis NY,GLENFIELD,1752,1
13346,36053,Madison NY,HAMILTON,5735,1
13348,36077,Otsego NY,HARTWICK,1359,1
13350,36043,Herkimer NY,HERKIMER,9878,1
13353,36041,Hamilton NY,HOFFMEISTER,151,1
13354,36065,Oneida NY,HOLLAND PATENT,3090,1
13355,36053,Madison NY,HUBBARDSVILLE,692,1
13357,36043,Herkimer NY,ILION,11555,1
13360,36041,Hamilton NY,INLET,412,1
13361,36043,Herkimer NY,JORDANVILLE,653,0.902
13361,36077,Otsego NY,JORDANVILLE,71,0.098
13363,36065,Oneida NY,LEE CENTER,2397,1
13365,36043,Herkimer NY,LITTLE FALLS,8926,1
13367,36043,Herkimer NY,BEAVER RIVER,26,0.003
13367,36049,Lewis NY,BEAVER RIVER,8409,0.997
13368,36049,Lewis NY,LYONS FALLS,1162,1
13402,36053,Madison NY,MADISON,1659,0.979
13402,36065,Oneida NY,MADISON,35,0.021
13403,36065,Oneida NY,MARCY,7919,1
13406,36043,Herkimer NY,MIDDLEVILLE,710,1
13407,36043,Herkimer NY,MOHAWK,5724,1
13408,36053,Madison NY,MORRISVILLE,3908,1
13409,36053,Madison NY,MUNNSVILLE,2181,1
13411,36017,Chenango NY,NEW BERLIN,2006,0.602
13411,36077,Otsego NY,NEW BERLIN,1326,0.398
13413,36043,Herkimer NY,NEW HARTFORD,212,0.013
13413,36065,Oneida NY,NEW HARTFORD,15659,0.987
13416,36043,Herkimer NY,NEWPORT,2228,1
13417,36065,Oneida NY,NEW YORK MILLS,3180,1
13418,36053,Madison NY,NORTH BROOKFIELD,325,1
13420,36043,Herkimer NY,OLD FORGE,1587,1
13421,36053,Madison NY,ONEIDA,11248,0.853
13421,36065,Oneida NY,ONEIDA,1944,0.147
13424,36065,Oneida NY,ORISKANY,2744,1
13425,36053,Madison NY,ORISKANY FALLS,51,0.026
13425,36065,Oneida NY,ORISKANY FALLS,1919,0.974
13428,36057,Montgomery NY,PALATINE BRIDGE,1698,1
13431,36043,Herkimer NY,POLAND,1745,0.948
13431,36065,Oneida NY,POLAND,95,0.052
13433,36049,Lewis NY,PORT LEYDEN,1732,1
13436,36041,Hamilton NY,RAQUETTE LAKE,123,1
13437,36049,Lewis NY,REDFIELD,54,0.109
13437,36075,Oswego NY,REDFIELD,443,0.891
13438,36043,Herkimer NY,REMSEN,601,0.138
13438,36065,Oneida NY,REMSEN,3763,0.862
13439,36043,Herkimer NY,RICHFIELD SPRING,838,0.215
13439,36077,Otsego NY,RICHFIELD SPRING,3055,0.785
13440,36065,Oneida NY,ROME,44797,1
13450,36077,Otsego NY,ROSEBOOM,219,1
13452,36035,Fulton NY,SAINT JOHNSVILLE,1851,0.42
13452,36057,Montgomery NY,SAINT JOHNSVILLE,2557,0.58
13454,36043,Herkimer NY,SALISBURY CENTER,712,1
13456,36043,Herkimer NY,SAUQUOIT,239,0.056
13456,36065,Oneida NY,SAUQUOIT,4038,0.944
13459,36057,Montgomery NY,SHARON SPRINGS,71,0.035
13459,36095,Schoharie NY,SHARON SPRINGS,1976,0.965
13460,36017,Chenango NY,SHERBURNE,4424,1
13461,36065,Oneida NY,SHERRILL,3179,1
13464,36017,Chenango NY,SMYRNA,1341,1
13468,36077,Otsego NY,SPRINGFIELD CENT,459,1
13469,36065,Oneida NY,STITTVILLE,807,1
13470,36035,Fulton NY,STRATFORD,615,0.872
13470,36043,Herkimer NY,STRATFORD,90,0.128
13471,36049,Lewis NY,TABERG,47,0.014
13471,36065,Oneida NY,TABERG,3419,0.986
13473,36049,Lewis NY,TURIN,759,1
13475,36077,Otsego NY,VAN HORNESVILLE,7,1
13476,36065,Oneida NY,VERNON,3219,1
13477,36065,Oneida NY,VERNON CENTER,1398,1
13478,36065,Oneida NY,VERONA,3219,1
13480,36065,Oneida NY,WATERVILLE,3459,1
13483,36065,Oneida NY,WESTDALE,160,1
13485,36017,Chenango NY,WEST EDMESTON,101,0.107
13485,36053,Madison NY,WEST EDMESTON,605,0.64
13485,36077,Otsego NY,WEST EDMESTON,239,0.253
13486,36065,Oneida NY,WESTERNVILLE,832,1
13489,36049,Lewis NY,WEST LEYDEN,741,0.971
13489,36065,Oneida NY,WEST LEYDEN,22,0.029
13490,36065,Oneida NY,WESTMORELAND,1710,1
13491,36043,Herkimer NY,WEST WINFIELD,2227,0.589
13491,36053,Madison NY,WEST WINFIELD,366,0.097
13491,36065,Oneida NY,WEST WINFIELD,4,0.001
13491,36077,Otsego NY,WEST WINFIELD,1187,0.314
13492,36065,Oneida NY,WHITESBORO,11555,1
13493,36075,Oswego NY,WILLIAMSTOWN,2199,1
13495,36065,Oneida NY,YORKVILLE,2271,1
13501,36043,Herkimer NY,UTICA,79,0.002
13501,36065,Oneida NY,UTICA,35997,0.998
13502,36043,Herkimer NY,UTICA,2046,0.061
13502,36065,Oneida NY,UTICA,31459,0.939
13601,36045,Jefferson NY,WATERTOWN,36990,1
13602,36045,Jefferson NY,FORT DRUM,4651,1
13603,36045,Jefferson NY,FORT DRUM,7498,1
13605,36045,Jefferson NY,SMITHVILLE,4615,1
13606,36045,Jefferson NY,ADAMS CENTER,2727,1
13607,36045,Jefferson NY,POINT VIVIAN,2017,1
13608,36045,Jefferson NY,ANTWERP,1450,0.896
13608,36089,St. Lawrence NY,ANTWERP,168,0.104
13612,36045,Jefferson NY,BLACK RIVER,2711,1
13613,36089,St. Lawrence NY,BRASHER FALLS,2450,1
13614,36089,St. Lawrence NY,BRIER HILL,289,1
13615,36045,Jefferson NY,BROWNVILLE,1027,1
13616,36045,Jefferson NY,CALCIUM,2341,1
13617,36089,St. Lawrence NY,CANTON,10942,1
13618,36045,Jefferson NY,CAPE VINCENT,1796,1
13619,36045,Jefferson NY,CARTHAGE,9891,0.89
13619,36049,Lewis NY,CARTHAGE,1221,0.11
13620,36049,Lewis NY,CASTORLAND,2499,1
13621,36089,St. Lawrence NY,CHASE MILLS,699,1
13622,36045,Jefferson NY,CHAUMONT,2082,1
13624,36045,Jefferson NY,FRONTENAC,5810,1
13625,36089,St. Lawrence NY,COLTON,1882,1
13626,36045,Jefferson NY,COPENHAGEN,310,0.143
13626,36049,Lewis NY,COPENHAGEN,1859,0.857
13630,36089,St. Lawrence NY,DE KALB JUNCTION,1402,1
13633,36089,St. Lawrence NY,DE PEYSTER,319,1
13634,36045,Jefferson NY,DEXTER,3825,1
13635,36089,St. Lawrence NY,EDWARDS,1081,1
13637,36045,Jefferson NY,EVANS MILLS,3849,1
13638,36045,Jefferson NY,FELTS MILLS,363,1
13639,36089,St. Lawrence NY,FINE,191,1
13640,36045,Jefferson NY,WELLESLEY ISLAND,326,1
13642,36045,Jefferson NY,GOUVERNEUR,49,0.005
13642,36089,St. Lawrence NY,GOUVERNEUR,10280,0.995
13646,36089,St. Lawrence NY,HAMMOND,2239,1
13648,36049,Lewis NY,HARRISVILLE,1421,0.585
13648,36089,St. Lawrence NY,HARRISVILLE,1006,0.415
13650,36045,Jefferson NY,HENDERSON,1319,1
13652,36089,St. Lawrence NY,HERMON,1931,1
13654,36089,St. Lawrence NY,HEUVELTON,2329,1
13655,36033,Franklin NY,HOGANSBURG,2558,1
13656,36045,Jefferson NY,LA FARGEVILLE,2655,1
13658,36089,St. Lawrence NY,LISBON,2356,1
13659,36045,Jefferson NY,LORRAINE,544,1
13660,36089,St. Lawrence NY,MADRID,2014,1
13661,36045,Jefferson NY,MANNSVILLE,2016,0.984
13661,36075,Oswego NY,MANNSVILLE,32,0.016
13662,36089,St. Lawrence NY,MASSENA,16729,1
13664,36089,St. Lawrence NY,MORRISTOWN,340,1
13665,36045,Jefferson NY,NATURAL BRIDGE,564,0.682
13665,36049,Lewis NY,NATURAL BRIDGE,263,0.318
13667,36089,St. Lawrence NY,NORFOLK,3524,1
13668,36089,St. Lawrence NY,NORWOOD,3173,1
13669,36089,St. Lawrence NY,OGDENSBURG,17892,1
13670,36089,St. Lawrence NY,OSWEGATCHIE,613,1
13672,36089,St. Lawrence NY,PARISHVILLE,367,1
13673,36045,Jefferson NY,PHILADELPHIA,2349,1
13675,36045,Jefferson NY,PLESSIS,98,1
13676,36089,St. Lawrence NY,POTSDAM,17029,1
13679,36045,Jefferson NY,REDWOOD,1584,0.917
13679,36089,St. Lawrence NY,REDWOOD,143,0.083
13680,36089,St. Lawrence NY,RENSSELAER FALLS,1303,1
13681,36089,St. Lawrence NY,RICHVILLE,820,1
13682,36045,Jefferson NY,RODMAN,874,0.981
13682,36049,Lewis NY,RODMAN,17,0.019
13684,36089,St. Lawrence NY,DEGRASSE,982,1
13685,36045,Jefferson NY,SACKETS HARBOR,2206,1
13687,36089,St. Lawrence NY,SOUTH COLTON,333,1
13690,36089,St. Lawrence NY,STAR LAKE,1139,1
13691,36045,Jefferson NY,THERESA,2729,1
13693,36045,Jefferson NY,THREE MILE BAY,470,1
13694,36089,St. Lawrence NY,WADDINGTON,1360,1
13697,36089,St. Lawrence NY,WINTHROP,2165,1
136XX,36045,Jefferson NY,136XX,2,1
13730,36007,Broome NY,AFTON,105,0.035
13730,36017,Chenango NY,AFTON,2877,0.965
13731,36025,Delaware NY,ANDES,1275,1
13732,36107,Tioga NY,APALACHIN,8380,1
13733,36017,Chenango NY,BAINBRIDGE,4799,0.985
13733,36025,Delaware NY,BAINBRIDGE,75,0.015
13734,36107,Tioga NY,BARTON,2511,1
13736,36007,Broome NY,BERKSHIRE,53,0.023
13736,36107,Tioga NY,BERKSHIRE,2083,0.889
13736,36109,Tompkins NY,BERKSHIRE,206,0.088
13739,36025,Delaware NY,BLOOMVILLE,966,1
13740,36025,Delaware NY,BOVINA CENTER,568,1
13743,36107,Tioga NY,CANDOR,3807,1
13744,36007,Broome NY,CASTLE CREEK,1202,1
13746,36007,Broome NY,CHENANGO FORKS,1975,0.897
13746,36017,Chenango NY,CHENANGO FORKS,228,0.103
13748,36007,Broome NY,CONKLIN,4067,1
13750,36025,Delaware NY,DAVENPORT,1305,1
13752,36025,Delaware NY,DE LANCEY,715,1
13753,36025,Delaware NY,MEREDITH,5474,1
13754,36007,Broome NY,DEPOSIT,1928,0.561
13754,36025,Delaware NY,DEPOSIT,1509,0.439
13755,36025,Delaware NY,DOWNSVILLE,1126,1
13756,36025,Delaware NY,EAST BRANCH,518,1
13757,36025,Delaware NY,EAST MEREDITH,1107,1
13760,36007,Broome NY,ENDWELL,40558,0.923
13760,36107,Tioga NY,ENDWELL,3396,0.077
13774,36025,Delaware NY,FISHS EDDY,286,1
13775,36025,Delaware NY,FRANKLIN,1735,1
13776,36077,Otsego NY,GILBERTSVILLE,797,1
13777,36007,Broome NY,GLEN AUBREY,1049,1
13778,36007,Broome NY,GREENE,152,0.024
13778,36017,Chenango NY,GREENE,6237,0.976
13780,36017,Chenango NY,GUILFORD,923,1
13782,36025,Delaware NY,HAMDEN,777,1
13783,36025,Delaware NY,CADOSIA,2497,1
13786,36025,Delaware NY,HARPERSFIELD,435,1
13787,36007,Broome NY,HARPURSVILLE,3118,0.856
13787,36017,Chenango NY,HARPURSVILLE,524,0.144
13788,36025,Delaware NY,HOBART,912,1
13790,36007,Broome NY,JOHNSON CITY,19713,1
13795,36007,Broome NY,KIRKWOOD,3770,1
13796,36077,Otsego NY,LAURENS,1190,1
13797,36007,Broome NY,LISLE,2405,1
13801,36017,Chenango NY,MC DONOUGH,1333,1
13802,36007,Broome NY,MAINE,743,1
13803,36007,Broome NY,MARATHON,279,0.066
13803,36023,Cortland NY,MARATHON,3946,0.934
13804,36025,Delaware NY,MASONVILLE,389,1
13807,36077,Otsego NY,MILFORD,1319,1
13808,36077,Otsego NY,MORRIS,1894,1
13809,36017,Chenango NY,MOUNT UPTON,1372,1
13810,36077,Otsego NY,MOUNT VISION,1296,1
13811,36007,Broome NY,NEWARK VALLEY,111,0.026
13811,36107,Tioga NY,NEWARK VALLEY,4237,0.974
13812,36107,Tioga NY,NICHOLS,2454,1
13813,36007,Broome NY,NINEVEH,746,0.814
13813,36017,Chenango NY,NINEVEH,170,0.186
13815,36017,Chenango NY,NORWICH,14019,1
13820,36025,Delaware NY,ONEONTA,1814,0.086
13820,36077,Otsego NY,ONEONTA,19244,0.914
13825,36025,Delaware NY,OTEGO,86,0.024
13825,36077,Otsego NY,OTEGO,3449,0.976
13827,36107,Tioga NY,OWEGO,11823,1
13830,36017,Chenango NY,BRISBEN,5144,1
13832,36017,Chenango NY,PLYMOUTH,675,1
13833,36007,Broome NY,SANITARIA SPRING,4463,1
13834,36077,Otsego NY,PORTLANDVILLE,170,1
13835,36007,Broome NY,RICHFORD,450,0.291
13835,36023,Cortland NY,RICHFORD,365,0.236
13835,36107,Tioga NY,RICHFORD,730,0.472
13838,36025,Delaware NY,SIDNEY,4540,0.916
13838,36077,Otsego NY,SIDNEY,416,0.084
13839,36025,Delaware NY,SIDNEY CENTER,1666,1
13841,36007,Broome NY,SMITHVILLE FLATS,8,0.02
13841,36017,Chenango NY,SMITHVILLE FLATS,361,0.905
13841,36023,Cortland NY,SMITHVILLE FLATS,30,0.075
13842,36025,Delaware NY,SOUTH KORTRIGHT,538,1
13843,36017,Chenango NY,SOUTH NEW BERLIN,1109,0.645
13843,36077,Otsego NY,SOUTH NEW BERLIN,611,0.355
13844,36017,Chenango NY,SOUTH PLYMOUTH,1034,1
13846,36025,Delaware NY,TREADWELL,342,1
13849,36025,Delaware NY,UNADILLA,978,0.19
13849,36077,Otsego NY,UNADILLA,4173,0.81
13850,36007,Broome NY,VESTAL,26685,1
13856,36025,Delaware NY,WALTON,6568,1
13859,36025,Delaware NY,WELLS BRIDGE,19,0.089
13859,36077,Otsego NY,WELLS BRIDGE,194,0.911
13861,36077,Otsego NY,WEST ONEONTA,652,1
13862,36007,Broome NY,WHITNEY POINT,3936,1
13863,36023,Cortland NY,WILLET,598,1
13864,36107,Tioga NY,WILLSEYVILLE,806,0.743
13864,36109,Tompkins NY,WILLSEYVILLE,279,0.257
13865,36007,Broome NY,WINDSOR,6507,1
13901,36007,Broome NY,BINGHAMTON,20106,1
13903,36007,Broome NY,BINGHAMTON,19282,1
13904,36007,Broome NY,BINGHAMTON,9619,1
13905,36007,Broome NY,BINGHAMTON,27506,1
14001,36029,Erie NY,AKRON,8325,0.896
14001,36037,Genesee NY,AKRON,385,0.041
14001,36063,Niagara NY,AKRON,579,0.062
14004,36029,Erie NY,ALDEN,11631,0.95
14004,36037,Genesee NY,ALDEN,93,0.008
14004,36121,Wyoming NY,ALDEN,517,0.042
14005,36037,Genesee NY,ALEXANDER,1753,1
14006,36029,Erie NY,ANGOLA,10884,1
14008,36063,Niagara NY,APPLETON,1489,1
14009,36009,Cattaraugus NY,ARCADE,597,0.105
14009,36121,Wyoming NY,ARCADE,5098,0.895
14011,36037,Genesee NY,ATTICA,705,0.086
14011,36121,Wyoming NY,ATTICA,7465,0.914
14012,36063,Niagara NY,BARKER,2596,0.997
14012,36073,Orleans NY,BARKER,7,0.003
14013,36029,Erie NY,BASOM,10,0.005
14013,36037,Genesee NY,BASOM,1812,0.995
14020,36037,Genesee NY,BATAVIA,23055,1
14024,36003,Allegany NY,BLISS,67,0.038
14024,36121,Wyoming NY,BLISS,1674,0.962
14025,36029,Erie NY,BOSTON,3141,1
14026,36029,Erie NY,BOWMANSVILLE,722,1
14028,36063,Niagara NY,BURT,1737,1
14030,36009,Cattaraugus NY,CHAFFEE,293,0.181
14030,36029,Erie NY,CHAFFEE,1304,0.806
14030,36121,Wyoming NY,CHAFFEE,20,0.012
14031,36029,Erie NY,CLARENCE,8769,1
14032,36029,Erie NY,CLARENCE CENTER,5553,1
14033,36029,Erie NY,COLDEN,2062,1
14034,36029,Erie NY,COLLINS,6105,1
14036,36037,Genesee NY,CORFU,5243,1
14037,36121,Wyoming NY,COWLESVILLE,1067,1
14039,36121,Wyoming NY,DALE,117,1
14040,36037,Genesee NY,DARIEN CENTER,1970,0.845
14040,36121,Wyoming NY,DARIEN CENTER,361,0.155
14042,36009,Cattaraugus NY,DELEVAN,4553,1
14043,36029,Erie NY,DEPEW,26537,1
14047,36029,Erie NY,DERBY,6833,1
14048,36013,Chautauqua NY,VAN BUREN BAY,16097,1
14051,36029,Erie NY,SWORMVILLE,17991,1
14052,36029,Erie NY,EAST AURORA,18248,1
14054,36037,Genesee NY,EAST BETHANY,1335,0.981
14054,36121,Wyoming NY,EAST BETHANY,26,0.019
14055,36029,Erie NY,EAST CONCORD,1469,1
14057,36029,Erie NY,EDEN,8276,1
14058,36037,Genesee NY,ELBA,2237,0.962
14058,36073,Orleans NY,ELBA,88,0.038
14059,36029,Erie NY,ELMA,8937,1
14060,36003,Allegany NY,FARMERSVILLE STA,141,0.32
14060,36009,Cattaraugus NY,FARMERSVILLE STA,300,0.68
14062,36013,Chautauqua NY,FORESTVILLE,3351,1
14063,36013,Chautauqua NY,FREDONIA,14690,1
14065,36003,Allegany NY,FREEDOM,375,0.187
14065,36009,Cattaraugus NY,FREEDOM,1628,0.813
14066,36121,Wyoming NY,GAINESVILLE,1514,1
14067,36063,Niagara NY,GASPORT,5128,1
14068,36029,Erie NY,GETZVILLE,10027,1
14069,36029,Erie NY,GLENWOOD,785,1
14070,36009,Cattaraugus NY,GOWANDA,3375,0.588
14070,36029,Erie NY,GOWANDA,2360,0.412
14072,36029,Erie NY,GRAND ISLAND,18621,1
14075,36029,Erie NY,HAMBURG,42082,1
14080,36029,Erie NY,HOLLAND,4727,1
14081,36009,Cattaraugus NY,IRVING,75,0.022
14081,36013,Chautauqua NY,IRVING,1036,0.303
14081,36029,Erie NY,IRVING,2307,0.675
14082,36121,Wyoming NY,JAVA CENTER,428,1
14083,36121,Wyoming NY,JAVA VILLAGE,43,1
14085,36029,Erie NY,LAKE VIEW,5565,1
14086,36029,Erie NY,LANCASTER,28516,1
14091,36029,Erie NY,LAWTONS,1135,1
14092,36063,Niagara NY,LEWISTON,11121,1
14094,36063,Niagara NY,LOCKPORT,51376,1
14098,36073,Orleans NY,LYNDONVILLE,2896,1
14101,36009,Cattaraugus NY,MACHIAS,1949,1
14102,36029,Erie NY,MARILLA,1111,1
14103,36073,Orleans NY,MEDINA,11612,1
14105,36037,Genesee NY,MIDDLEPORT,31,0.007
14105,36063,Niagara NY,MIDDLEPORT,4223,0.942
14105,36073,Orleans NY,MIDDLEPORT,229,0.051
14108,36063,Niagara NY,NEWFANE,5938,1
14111,36029,Erie NY,NORTH COLLINS,3160,1
14113,36121,Wyoming NY,NORTH JAVA,775,1
14120,36063,Niagara NY,NORTH TONAWANDA,43144,1
14125,36037,Genesee NY,OAKFIELD,3839,1
14127,36029,Erie NY,ORCHARD PARK,27762,1
14129,36009,Cattaraugus NY,PERRYSBURG,1812,1
14131,36063,Niagara NY,RANSOMVILLE,5307,1
14132,36063,Niagara NY,SANBORN,5572,1
14134,36029,Erie NY,SARDINIA,16,1
14136,36013,Chautauqua NY,SILVER CREEK,5429,1
14138,36009,Cattaraugus NY,SOUTH DAYTON,1502,0.701
14138,36013,Chautauqua NY,SOUTH DAYTON,642,0.299
14139,36029,Erie NY,SOUTH WALES,2031,1
14141,36009,Cattaraugus NY,SPRINGVILLE,433,0.055
14141,36029,Erie NY,SPRINGVILLE,7425,0.945
14143,36037,Genesee NY,STAFFORD,1347,1
14145,36029,Erie NY,STRYKERSVILLE,30,0.017
14145,36121,Wyoming NY,STRYKERSVILLE,1702,0.983
14150,36029,Erie NY,TONAWANDA,44535,1
14167,36121,Wyoming NY,VARYSBURG,1646,1
14170,36029,Erie NY,WEST FALLS,2633,1
14171,36009,Cattaraugus NY,WEST VALLEY,2180,1
14172,36063,Niagara NY,WILSON,3230,1
14174,36063,Niagara NY,YOUNGSTOWN,5742,1
14201,36029,Erie NY,BUFFALO,13609,1
14202,36029,Erie NY,BUFFALO,4136,1
14203,36029,Erie NY,BUFFALO,1009,1
14204,36029,Erie NY,BUFFALO,10040,1
14206,36029,Erie NY,BUFFALO,22988,1
14207,36029,Erie NY,BUFFALO,22986,1
14208,36029,Erie NY,BUFFALO,13207,1
14209,36029,Erie NY,BUFFALO,8547,1
14210,36029,Erie NY,BUFFALO,16681,1
14211,36029,Erie NY,BUFFALO,29590,1
14212,36029,Erie NY,BUFFALO,15364,1
14213,36029,Erie NY,BUFFALO,26080,1
14214,36029,Erie NY,BUFFALO,21860,1
14215,36029,Erie NY,BUFFALO,44484,1
14216,36029,Erie NY,BUFFALO,23587,1
14217,36029,Erie NY,KENMORE,24692,1
14218,36029,Erie NY,LACKAWANNA,20203,1
14219,36029,Erie NY,BLASDELL,13050,1
14220,36029,Erie NY,BUFFALO,26550,1
14221,36029,Erie NY,WILLIAMSVILLE,51448,1
14222,36029,Erie NY,BUFFALO,14365,1
14223,36029,Erie NY,BUFFALO,24094,1
14224,36029,Erie NY,WEST SENECA,40509,1
14225,36029,Erie NY,CHEEKTOWAGA,35893,1
14226,36029,Erie NY,AMHERST,29382,1
14227,36029,Erie NY,CHEEKTOWAGA,24573,1
14228,36029,Erie NY,AMHERST,19713,1
14301,36063,Niagara NY,NIAGARA FALLS,14257,1
14303,36063,Niagara NY,NIAGARA FALLS,7128,1
14304,36063,Niagara NY,NIAGARA FALLS,30960,1
14305,36063,Niagara NY,NIAGARA FALLS,20319,1
14411,36073,Orleans NY,ALBION,14676,1
14414,36051,Livingston NY,AVON,6403,0.996
14414,36055,Monroe NY,AVON,25,0.004
14415,36123,Yates NY,BELLONA,62,1
14416,36037,Genesee NY,BERGEN,3727,0.962
14416,36055,Monroe NY,BERGEN,148,0.038
14418,36101,Steuben NY,BRANCHPORT,200,0.135
14418,36123,Yates NY,BRANCHPORT,1281,0.865
14420,36055,Monroe NY,BROCKPORT,18700,0.969
14420,36073,Orleans NY,BROCKPORT,607,0.031
14422,36037,Genesee NY,BYRON,2466,0.979
14422,36073,Orleans NY,BYRON,52,0.021
14423,36051,Livingston NY,CALEDONIA,4948,0.999
14423,36055,Monroe NY,CALEDONIA,5,0.001
14424,36069,Ontario NY,CANANDAIGUA,24878,1
14425,36069,Ontario NY,CANANDAIGUA,9658,1
14427,36121,Wyoming NY,CASTILE,2181,1
14428,36037,Genesee NY,CLIFTON,4,0.001
14428,36055,Monroe NY,CLIFTON,7535,0.999
14432,36069,Ontario NY,CLIFTON SPRINGS,6106,1
14433,36099,Seneca NY,CLYDE,223,0.048
14433,36117,Wayne NY,CLYDE,4456,0.952
14435,36051,Livingston NY,CONESUS,2733,1
14437,36003,Allegany NY,DANSVILLE,32,0.003
14437,36051,Livingston NY,DANSVILLE,11282,0.918
14437,36101,Steuben NY,DANSVILLE,982,0.08
14441,36123,Yates NY,DRESDEN,344,1
14445,36055,Monroe NY,EAST ROCHESTER,8179,1
14450,36055,Monroe NY,FAIRPORT,40748,1
14454,36051,Livingston NY,GENESEO,10207,1
14456,36069,Ontario NY,GENEVA,18930,0.936
14456,36099,Seneca NY,GENEVA,1228,0.061
14456,36123,Yates NY,GENEVA,58,0.003
14462,36051,Livingston NY,GROVELAND,632,1
14464,36055,Monroe NY,HAMLIN,7601,0.995
14464,36073,Orleans NY,HAMLIN,36,0.005
14466,36051,Livingston NY,HEMLOCK,706,0.443
14466,36069,Ontario NY,HEMLOCK,887,0.557
14467,36055,Monroe NY,HENRIETTA,8738,1
14468,36055,Monroe NY,HILTON,16526,1
14469,36069,Ontario NY,BLOOMFIELD,5982,1
14470,36055,Monroe NY,HULBERTON,87,0.01
14470,36073,Orleans NY,HULBERTON,8866,0.99
14471,36069,Ontario NY,HONEOYE,2861,1
14472,36051,Livingston NY,HONEOYE FALLS,458,0.056
14472,36055,Monroe NY,HONEOYE FALLS,7322,0.9
14472,36069,Ontario NY,HONEOYE FALLS,360,0.044
14475,36069,Ontario NY,IONIA,223,1
14476,36055,Monroe NY,KENDALL,329,0.125
14476,36073,Orleans NY,KENDALL,2294,0.875
14477,36073,Orleans NY,KENT,1689,1
14478,36123,Yates NY,BLUFF POINT,1364,1
14480,36051,Livingston NY,LAKEVILLE,641,1
14481,36051,Livingston NY,LEICESTER,1896,0.516
14481,36121,Wyoming NY,LEICESTER,1780,0.484
14482,36037,Genesee NY,LE ROY,8484,0.922
14482,36051,Livingston NY,LE ROY,378,0.041
14482,36055,Monroe NY,LE ROY,336,0.037
14485,36051,Livingston NY,LIMA,4388,0.955
14485,36069,Ontario NY,LIMA,205,0.045
14487,36051,Livingston NY,LIVONIA,5386,0.931
14487,36069,Ontario NY,LIVONIA,400,0.069
14489,36069,Ontario NY,LYONS,114,0.015
14489,36099,Seneca NY,LYONS,65,0.008
14489,36117,Wayne NY,LYONS,7490,0.977
14502,36055,Monroe NY,MACEDON,141,0.015
14502,36117,Wayne NY,MACEDON,9056,0.985
14504,36069,Ontario NY,MANCHESTER,1312,1
14505,36117,Wayne NY,MARION,5908,1
14506,36055,Monroe NY,MENDON,1289,1
14507,36123,Yates NY,MIDDLESEX,1385,1
14510,36051,Livingston NY,TUSCARORA,5094,1
14512,36051,Livingston NY,NAPLES,13,0.003
14512,36069,Ontario NY,NAPLES,3626,0.777
14512,36101,Steuben NY,NAPLES,261,0.056
14512,36123,Yates NY,NAPLES,768,0.165
14513,36069,Ontario NY,NEWARK,681,0.046
14513,36117,Wayne NY,NEWARK,14177,0.954
14514,36055,Monroe NY,NORTH CHILI,4722,1
14516,36117,Wayne NY,NORTH ROSE,2672,1
14517,36051,Livingston NY,NUNDA,2801,1
14519,36117,Wayne NY,ONTARIO,11020,1
14521,36099,Seneca NY,HAYT CORNERS,3624,1
14522,36069,Ontario NY,PALMYRA,609,0.069
14522,36117,Wayne NY,PALMYRA,8157,0.931
14525,36037,Genesee NY,LINWOOD,1841,0.62
14525,36051,Livingston NY,LINWOOD,160,0.054
14525,36121,Wyoming NY,LINWOOD,970,0.326
14526,36055,Monroe NY,PENFIELD,19789,1
14527,36123,Yates NY,PENN YAN,12970,1
14530,36121,Wyoming NY,PERRY,5780,1
14532,36069,Ontario NY,PHELPS,4206,0.958
14532,36099,Seneca NY,PHELPS,186,0.042
14533,36051,Livingston NY,WADSWORTH,2307,0.994
14533,36121,Wyoming NY,WADSWORTH,13,0.006
14534,36055,Monroe NY,PITTSFORD,29929,0.989
14534,36069,Ontario NY,PITTSFORD,341,0.011
14536,36003,Allegany NY,PORTAGEVILLE,157,0.236
14536,36121,Wyoming NY,PORTAGEVILLE,507,0.764
14541,36099,Seneca NY,MAC DOUGALL,2006,1
14543,36055,Monroe NY,WEST RUSH,3296,1
14544,36069,Ontario NY,RUSHVILLE,740,0.388
14544,36123,Yates NY,RUSHVILLE,1168,0.612
14545,36051,Livingston NY,SCOTTSBURG,203,1
14546,36051,Livingston NY,SCOTTSVILLE,26,0.005
14546,36055,Monroe NY,SCOTTSVILLE,5453,0.995
14548,36069,Ontario NY,SHORTSVILLE,4149,1
14550,36121,Wyoming NY,ROCK GLEN,1732,1
14551,36117,Wayne NY,SODUS,5596,1
14555,36117,Wayne NY,SODUS POINT,1287,1
14559,36055,Monroe NY,SPENCERPORT,15919,1
14560,36051,Livingston NY,SPRINGWATER,1184,0.555
14560,36069,Ontario NY,SPRINGWATER,950,0.445
14561,36069,Ontario NY,STANLEY,2843,0.989
14561,36123,Yates NY,STANLEY,32,0.011
14564,36055,Monroe NY,VICTOR,13,0.001
14564,36069,Ontario NY,VICTOR,9890,0.999
14568,36117,Wayne NY,WALWORTH,5874,1
14569,36121,Wyoming NY,WARSAW,6481,1
14571,36073,Orleans NY,WATERPORT,1119,1
14572,36051,Livingston NY,WAYLAND,969,0.183
14572,36101,Steuben NY,WAYLAND,4313,0.817
14580,36055,Monroe NY,WEBSTER,43714,0.997
14580,36117,Wayne NY,WEBSTER,110,0.003
14585,36069,Ontario NY,WEST BLOOMFIELD,273,1
14586,36055,Monroe NY,WEST HENRIETTA,6197,1
14589,36117,Wayne NY,WILLIAMSON,7653,1
14590,36117,Wayne NY,WOLCOTT,5385,1
14591,36037,Genesee NY,WYOMING,43,0.027
14591,36121,Wyoming NY,WYOMING,1527,0.973
14604,36055,Monroe NY,ROCHESTER,1683,1
14605,36055,Monroe NY,ROCHESTER,14418,1
14606,36055,Monroe NY,ROCHESTER,29187,1
14607,36055,Monroe NY,ROCHESTER,16297,1
14608,36055,Monroe NY,ROCHESTER,12362,1
14609,36055,Monroe NY,ROCHESTER,43665,1
14610,36055,Monroe NY,ROCHESTER,14534,1
14611,36055,Monroe NY,ROCHESTER,19774,1
14612,36055,Monroe NY,ROCHESTER,35665,1
14613,36055,Monroe NY,ROCHESTER,15078,1
14614,36055,Monroe NY,ROCHESTER,926,1
14615,36055,Monroe NY,ROCHESTER,16158,1
14616,36055,Monroe NY,GREECE,27119,1
14617,36055,Monroe NY,ROCHESTER,22967,1
14618,36055,Monroe NY,TWELVE CORNERS,22387,1
14619,36055,Monroe NY,ROCHESTER,14754,1
14620,36055,Monroe NY,ROCHESTER,28094,1
14621,36055,Monroe NY,ROCHESTER,35977,1
14622,36055,Monroe NY,ROCHESTER,12027,1
14623,36055,Monroe NY,ROCHESTER,27387,1
14624,36055,Monroe NY,WESTGATE,38231,1
14625,36055,Monroe NY,PANORAMA,10792,1
14626,36055,Monroe NY,ROCHESTER,29120,1
14701,36013,Chautauqua NY,JAMESTOWN,42904,1
14706,36009,Cattaraugus NY,ALLEGANY,7596,1
14708,36003,Allegany NY,ALMA,171,1
14709,36003,Allegany NY,ANGELICA,1510,1
14710,36013,Chautauqua NY,ASHVILLE,3961,1
14711,36003,Allegany NY,BELFAST,1931,1
14712,36013,Chautauqua NY,BEMUS POINT,3533,1
14714,36003,Allegany NY,BLACK CREEK,345,1
14715,36003,Allegany NY,BOLIVAR,3277,1
14716,36013,Chautauqua NY,BROCTON,3641,1
14717,36003,Allegany NY,CANEADEA,779,1
14718,36013,Chautauqua NY,CASSADAGA,2183,1
14719,36009,Cattaraugus NY,CATTARAUGUS,3561,1
14721,36003,Allegany NY,CERES,102,1
14723,36013,Chautauqua NY,CHERRY CREEK,1262,1
14724,36013,Chautauqua NY,CLYMER,2577,1
14726,36009,Cattaraugus NY,CONEWANGO VALLEY,1707,0.796
14726,36013,Chautauqua NY,CONEWANGO VALLEY,437,0.204
14727,36003,Allegany NY,CUBA,4298,0.801
14727,36009,Cattaraugus NY,CUBA,1068,0.199
14728,36013,Chautauqua NY,DEWITTVILLE,1071,1
14729,36009,Cattaraugus NY,EAST OTTO,1025,1
14731,36009,Cattaraugus NY,ELLICOTTVILLE,1773,1
14733,36013,Chautauqua NY,FALCONER,4019,1
14735,36003,Allegany NY,FILLMORE,2643,1
14736,36013,Chautauqua NY,FINDLEY LAKE,289,1
14737,36003,Allegany NY,FRANKLINVILLE,9,0.002
14737,36009,Cattaraugus NY,FRANKLINVILLE,4266,0.998
14738,36009,Cattaraugus NY,FREWSBURG,302,0.079
14738,36013,Chautauqua NY,FREWSBURG,3498,0.921
14739,36003,Allegany NY,FRIENDSHIP,2968,1
14740,36013,Chautauqua NY,GERRY,1138,1
14741,36009,Cattaraugus NY,GREAT VALLEY,2076,1
14743,36009,Cattaraugus NY,ISCHUA,2034,1
14744,36003,Allegany NY,HOUGHTON,2282,1
14747,36009,Cattaraugus NY,KENNEDY,192,0.079
14747,36013,Chautauqua NY,KENNEDY,2244,0.921
14748,36009,Cattaraugus NY,KILL BUCK,660,1
14750,36013,Chautauqua NY,LAKEWOOD,4623,1
14753,36009,Cattaraugus NY,LIMESTONE,1212,1
14754,36003,Allegany NY,LITTLE GENESEE,545,1
14755,36009,Cattaraugus NY,LITTLE VALLEY,2987,1
14757,36013,Chautauqua NY,MAYVILLE,3875,1
14760,36009,Cattaraugus NY,OLEAN,20510,1
14767,36013,Chautauqua NY,PANAMA,1910,1
14769,36013,Chautauqua NY,PORTLAND,1024,1
14770,36003,Allegany NY,PORTVILLE,1019,0.312
14770,36009,Cattaraugus NY,PORTVILLE,2250,0.688
14772,36009,Cattaraugus NY,RANDOLPH,4274,1
14775,36013,Chautauqua NY,RIPLEY,2736,1
14777,36003,Allegany NY,RUSHFORD,620,1
14779,36009,Cattaraugus NY,SALAMANCA,7352,1
14781,36013,Chautauqua NY,SHERMAN,2149,1
14782,36013,Chautauqua NY,SINCLAIRVILLE,2932,1
14783,36009,Cattaraugus NY,STEAMBURG,412,1
14784,36013,Chautauqua NY,STOCKTON,1012,1
14787,36013,Chautauqua NY,WESTFIELD,5487,1
14801,36101,Steuben NY,ADDISON,5427,1
14802,36003,Allegany NY,ALFRED,3954,1
14803,36003,Allegany NY,ALFRED STATION,1191,0.96
14803,36101,Steuben NY,ALFRED STATION,50,0.04
14804,36003,Allegany NY,ALMOND,1522,1
14805,36097,Schuyler NY,ALPINE,1207,1
14806,36003,Allegany NY,ANDOVER,2178,0.946
14806,36101,Steuben NY,ANDOVER,124,0.054
14807,36003,Allegany NY,ARKPORT,587,0.188
14807,36101,Steuben NY,ARKPORT,2533,0.812
14808,36101,Steuben NY,ATLANTA,595,1
14809,36101,Steuben NY,WALLACE,2610,1
14810,36101,Steuben NY,VETERANS ADMINIS,12536,1
14812,36015,Chemung NY,BEAVER DAMS,1196,0.304
14812,36097,Schuyler NY,BEAVER DAMS,1953,0.497
14812,36101,Steuben NY,BEAVER DAMS,783,0.199
14813,36003,Allegany NY,BELMONT,2538,1
14814,36015,Chemung NY,BIG FLATS,1514,0.867
14814,36101,Steuben NY,BIG FLATS,233,0.133
14815,36097,Schuyler NY,BRADFORD,630,0.647
14815,36101,Steuben NY,BRADFORD,343,0.353
14816,36015,Chemung NY,BREESPORT,624,1
14817,36107,Tioga NY,BROOKTONDALE,102,0.045
14817,36109,Tompkins NY,BROOKTONDALE,2180,0.955
14818,36097,Schuyler NY,BURDETT,1842,1
14819,36101,Steuben NY,CAMERON,755,1
14820,36101,Steuben NY,CAMERON MILLS,804,1
14821,36101,Steuben NY,CAMPBELL,3503,1
14822,36003,Allegany NY,CANASERAGA,1087,0.962
14822,36051,Livingston NY,CANASERAGA,43,0.038
14823,36101,Steuben NY,CANISTEO,3985,1
14824,36015,Chemung NY,CAYUTA,357,0.411
14824,36097,Schuyler NY,CAYUTA,512,0.589
14825,36015,Chemung NY,CHEMUNG,918,1
14826,36101,Steuben NY,COHOCTON,2254,1
14830,36015,Chemung NY,CORNING,136,0.007
14830,36101,Steuben NY,CORNING,19206,0.993
14836,36003,Allegany NY,DALTON,250,0.227
14836,36051,Livingston NY,DALTON,853,0.773
14837,36097,Schuyler NY,DUNDEE,1139,0.214
14837,36101,Steuben NY,DUNDEE,76,0.014
14837,36123,Yates NY,DUNDEE,4099,0.771
14838,36015,Chemung NY,ERIN,2105,1
14839,36101,Steuben NY,GREENWOOD,728,1
14840,36097,Schuyler NY,HAMMONDSPORT,59,0.017
14840,36101,Steuben NY,HAMMONDSPORT,3347,0.983
14841,36097,Schuyler NY,HECTOR,773,1
14842,36123,Yates NY,HIMROD,909,1
14843,36003,Allegany NY,HORNELL,45,0.003
14843,36101,Steuben NY,HORNELL,13338,0.997
14845,36015,Chemung NY,HORSEHEADS,19888,1
14845,36097,Schuyler NY,HORSEHEADS,4,0
14846,36003,Allegany NY,HUNT,149,0.195
14846,36051,Livingston NY,HUNT,617,0.805
14847,36099,Seneca NY,INTERLAKEN,2411,1
14850,36109,Tompkins NY,ITHACA COLLEGE,63396,1
14855,36101,Steuben NY,JASPER,841,1
14857,36123,Yates NY,LAKEMONT,9,1
14858,36101,Steuben NY,LINDLEY,1783,1
14859,36015,Chemung NY,LOCKWOOD,384,0.338
14859,36107,Tioga NY,LOCKWOOD,753,0.662
14860,36099,Seneca NY,LODI,1142,1
14861,36015,Chemung NY,LOWMAN,1459,1
14864,36015,Chemung NY,MILLPORT,1162,0.814
14864,36097,Schuyler NY,MILLPORT,265,0.186
14865,36097,Schuyler NY,MONTOUR FALLS,2699,1
14867,36109,Tompkins NY,NEWFIELD,5430,1
14869,36097,Schuyler NY,ODESSA,1435,1
14870,36097,Schuyler NY,PAINTED POST,185,0.02
14870,36101,Steuben NY,PAINTED POST,9162,0.98
14871,36015,Chemung NY,PINE CITY,4504,0.918
14871,36101,Steuben NY,PINE CITY,404,0.082
14872,36015,Chemung NY,PINE VALLEY,480,1
14873,36101,Steuben NY,PRATTSBURG,2422,1
14874,36101,Steuben NY,PULTENEY,216,1
14877,36003,Allegany NY,REXVILLE,1,0.002
14877,36101,Steuben NY,REXVILLE,650,0.998
14878,36097,Schuyler NY,ROCK STREAM,575,0.77
14878,36123,Yates NY,ROCK STREAM,172,0.23
14879,36101,Steuben NY,SAVONA,1985,1
14880,36003,Allegany NY,SCIO,1644,1
14881,36109,Tompkins NY,SLATERVILLE SPRI,161,1
14882,36109,Tompkins NY,LANSING,3943,1
14883,36107,Tioga NY,SPENCER,3117,0.806
14883,36109,Tompkins NY,SPENCER,749,0.194
14884,36003,Allegany NY,SWAIN,309,1
14885,36101,Steuben NY,TROUPSBURG,780,1
14886,36097,Schuyler NY,TRUMANSBURG,1504,0.234
14886,36099,Seneca NY,TRUMANSBURG,716,0.111
14886,36109,Tompkins NY,TRUMANSBURG,4221,0.655
14889,36015,Chemung NY,VAN ETTEN,1425,0.977
14889,36097,Schuyler NY,VAN ETTEN,33,0.023
14891,36097,Schuyler NY,WATKINS GLEN,4409,1
14892,36015,Chemung NY,WAVERLY,673,0.081
14892,36107,Tioga NY,WAVERLY,7585,0.919
14894,36015,Chemung NY,WELLSBURG,2531,1
14895,36003,Allegany NY,WELLSVILLE,10311,1
14897,36003,Allegany NY,WHITESVILLE,890,1
14898,36101,Steuben NY,WOODHULL,1497,1
14901,36015,Chemung NY,ELMIRA,17845,1
14903,36015,Chemung NY,ELMIRA HEIGHTS,7600,1
14904,36015,Chemung NY,ELMIRA,16862,1
14905,36015,Chemung NY,ELMIRA,9407,1